model,panel_size,fold,feature_id,gene_symbol
logistic,1,1,ENTREZ_3169,FOXA1
logistic,1,2,ENTREZ_3169,FOXA1
logistic,1,3,ENTREZ_3169,FOXA1
logistic,1,4,ENTREZ_3169,FOXA1
logistic,1,5,ENTREZ_3169,FOXA1
logistic,2,1,ENTREZ_2099,ESR1
logistic,2,1,ENTREZ_3169,FOXA1
logistic,2,2,ENTREZ_2099,ESR1
logistic,2,2,ENTREZ_3169,FOXA1
logistic,2,3,ENTREZ_2099,ESR1
logistic,2,3,ENTREZ_3169,FOXA1
logistic,2,4,ENTREZ_2099,ESR1
logistic,2,4,ENTREZ_3169,FOXA1
logistic,2,5,ENTREZ_155465,AGR3
logistic,2,5,ENTREZ_3169,FOXA1
logistic,5,1,ENTREZ_155465,AGR3
logistic,5,1,ENTREZ_2099,ESR1
logistic,5,1,ENTREZ_3169,FOXA1
logistic,5,1,ENTREZ_2296,FOXC1
logistic,5,1,ENTREZ_79083,MLPH
logistic,5,2,ENTREZ_155465,AGR3
logistic,5,2,ENTREZ_2099,ESR1
logistic,5,2,ENTREZ_3169,FOXA1
logistic,5,2,ENTREZ_2296,FOXC1
logistic,5,2,ENTREZ_79083,MLPH
logistic,5,3,ENTREZ_155465,AGR3
logistic,5,3,ENTREZ_2099,ESR1
logistic,5,3,ENTREZ_3169,FOXA1
logistic,5,3,ENTREZ_2296,FOXC1
logistic,5,3,ENTREZ_79083,MLPH
logistic,5,4,ENTREZ_155465,AGR3
logistic,5,4,ENTREZ_2099,ESR1
logistic,5,4,ENTREZ_3169,FOXA1
logistic,5,4,ENTREZ_2296,FOXC1
logistic,5,4,ENTREZ_79083,MLPH
logistic,5,5,ENTREZ_155465,AGR3
logistic,5,5,ENTREZ_2099,ESR1
logistic,5,5,ENTREZ_3169,FOXA1
logistic,5,5,ENTREZ_2296,FOXC1
logistic,5,5,ENTREZ_79083,MLPH
logistic,10,1,ENTREZ_10551,AGR2
logistic,10,1,ENTREZ_155465,AGR3
logistic,10,1,ENTREZ_2099,ESR1
logistic,10,1,ENTREZ_3169,FOXA1
logistic,10,1,ENTREZ_2296,FOXC1
logistic,10,1,ENTREZ_79083,MLPH
logistic,10,1,ENTREZ_222171,PRR15
logistic,10,1,ENTREZ_80736,SLC44A4
logistic,10,1,ENTREZ_25803,SPDEF
logistic,10,1,ENTREZ_7494,XBP1
logistic,10,2,ENTREZ_155465,AGR3
logistic,10,2,ENTREZ_80129,C6orf97
logistic,10,2,ENTREZ_2099,ESR1
logistic,10,2,ENTREZ_3169,FOXA1
logistic,10,2,ENTREZ_2296,FOXC1
logistic,10,2,ENTREZ_79083,MLPH
logistic,10,2,ENTREZ_222171,PRR15
logistic,10,2,ENTREZ_80736,SLC44A4
logistic,10,2,ENTREZ_25803,SPDEF
logistic,10,2,ENTREZ_7494,XBP1
logistic,10,3,ENTREZ_155465,AGR3
logistic,10,3,ENTREZ_80129,C6orf97
logistic,10,3,ENTREZ_2099,ESR1
logistic,10,3,ENTREZ_3169,FOXA1
logistic,10,3,ENTREZ_2296,FOXC1
logistic,10,3,ENTREZ_2625,GATA3
logistic,10,3,ENTREZ_27202,GPR77
logistic,10,3,ENTREZ_79083,MLPH
logistic,10,3,ENTREZ_25803,SPDEF
logistic,10,3,ENTREZ_7494,XBP1
logistic,10,4,ENTREZ_155465,AGR3
logistic,10,4,ENTREZ_80129,C6orf97
logistic,10,4,ENTREZ_2099,ESR1
logistic,10,4,ENTREZ_3169,FOXA1
logistic,10,4,ENTREZ_2296,FOXC1
logistic,10,4,ENTREZ_79083,MLPH
logistic,10,4,ENTREZ_222171,PRR15
logistic,10,4,ENTREZ_25803,SPDEF
logistic,10,4,ENTREZ_23158,TBC1D9
logistic,10,4,ENTREZ_7494,XBP1
logistic,10,5,ENTREZ_10551,AGR2
logistic,10,5,ENTREZ_155465,AGR3
logistic,10,5,ENTREZ_80129,C6orf97
logistic,10,5,ENTREZ_2099,ESR1
logistic,10,5,ENTREZ_3169,FOXA1
logistic,10,5,ENTREZ_2296,FOXC1
logistic,10,5,ENTREZ_79083,MLPH
logistic,10,5,ENTREZ_25803,SPDEF
logistic,10,5,ENTREZ_23158,TBC1D9
logistic,10,5,ENTREZ_7494,XBP1
logistic,20,1,ENTREZ_10551,AGR2
logistic,20,1,ENTREZ_155465,AGR3
logistic,20,1,ENTREZ_80129,C6orf97
logistic,20,1,ENTREZ_771,CA12
logistic,20,1,ENTREZ_196993,CT62
logistic,20,1,ENTREZ_2066,ERBB4
logistic,20,1,ENTREZ_2099,ESR1
logistic,20,1,ENTREZ_3169,FOXA1
logistic,20,1,ENTREZ_2296,FOXC1
logistic,20,1,ENTREZ_2625,GATA3
logistic,20,1,ENTREZ_27202,GPR77
logistic,20,1,ENTREZ_79083,MLPH
logistic,20,1,ENTREZ_222171,PRR15
logistic,20,1,ENTREZ_54763,ROPN1
logistic,20,1,ENTREZ_135295,SFRS13B
logistic,20,1,ENTREZ_80736,SLC44A4
logistic,20,1,ENTREZ_25803,SPDEF
logistic,20,1,ENTREZ_23158,TBC1D9
logistic,20,1,ENTREZ_79875,THSD4
logistic,20,1,ENTREZ_7494,XBP1
logistic,20,2,ENTREZ_10551,AGR2
logistic,20,2,ENTREZ_155465,AGR3
logistic,20,2,ENTREZ_80129,C6orf97
logistic,20,2,ENTREZ_771,CA12
logistic,20,2,ENTREZ_196993,CT62
logistic,20,2,ENTREZ_7802,DNALI1
logistic,20,2,ENTREZ_2099,ESR1
logistic,20,2,ENTREZ_3169,FOXA1
logistic,20,2,ENTREZ_2296,FOXC1
logistic,20,2,ENTREZ_2625,GATA3
logistic,20,2,ENTREZ_27202,GPR77
logistic,20,2,ENTREZ_79083,MLPH
logistic,20,2,ENTREZ_222171,PRR15
logistic,20,2,ENTREZ_135295,SFRS13B
logistic,20,2,ENTREZ_80736,SLC44A4
logistic,20,2,ENTREZ_25803,SPDEF
logistic,20,2,ENTREZ_23158,TBC1D9
logistic,20,2,ENTREZ_7033,TFF3
logistic,20,2,ENTREZ_79875,THSD4
logistic,20,2,ENTREZ_7494,XBP1
logistic,20,3,ENTREZ_10551,AGR2
logistic,20,3,ENTREZ_155465,AGR3
logistic,20,3,ENTREZ_80129,C6orf97
logistic,20,3,ENTREZ_771,CA12
logistic,20,3,ENTREZ_196993,CT62
logistic,20,3,ENTREZ_7802,DNALI1
logistic,20,3,ENTREZ_2099,ESR1
logistic,20,3,ENTREZ_3169,FOXA1
logistic,20,3,ENTREZ_2296,FOXC1
logistic,20,3,ENTREZ_2625,GATA3
logistic,20,3,ENTREZ_27202,GPR77
logistic,20,3,ENTREZ_79083,MLPH
logistic,20,3,ENTREZ_222171,PRR15
logistic,20,3,ENTREZ_54763,ROPN1
logistic,20,3,ENTREZ_135295,SFRS13B
logistic,20,3,ENTREZ_80736,SLC44A4
logistic,20,3,ENTREZ_25803,SPDEF
logistic,20,3,ENTREZ_23158,TBC1D9
logistic,20,3,ENTREZ_79875,THSD4
logistic,20,3,ENTREZ_7494,XBP1
logistic,20,4,ENTREZ_10551,AGR2
logistic,20,4,ENTREZ_155465,AGR3
logistic,20,4,ENTREZ_80129,C6orf97
logistic,20,4,ENTREZ_771,CA12
logistic,20,4,ENTREZ_196993,CT62
logistic,20,4,ENTREZ_7802,DNALI1
logistic,20,4,ENTREZ_2066,ERBB4
logistic,20,4,ENTREZ_2099,ESR1
logistic,20,4,ENTREZ_3169,FOXA1
logistic,20,4,ENTREZ_2296,FOXC1
logistic,20,4,ENTREZ_2625,GATA3
logistic,20,4,ENTREZ_27202,GPR77
logistic,20,4,ENTREZ_79083,MLPH
logistic,20,4,ENTREZ_222171,PRR15
logistic,20,4,ENTREZ_54763,ROPN1
logistic,20,4,ENTREZ_80736,SLC44A4
logistic,20,4,ENTREZ_25803,SPDEF
logistic,20,4,ENTREZ_23158,TBC1D9
logistic,20,4,ENTREZ_79875,THSD4
logistic,20,4,ENTREZ_7494,XBP1
logistic,20,5,ENTREZ_10551,AGR2
logistic,20,5,ENTREZ_155465,AGR3
logistic,20,5,ENTREZ_80129,C6orf97
logistic,20,5,ENTREZ_771,CA12
logistic,20,5,ENTREZ_196993,CT62
logistic,20,5,ENTREZ_2066,ERBB4
logistic,20,5,ENTREZ_2099,ESR1
logistic,20,5,ENTREZ_3169,FOXA1
logistic,20,5,ENTREZ_2296,FOXC1
logistic,20,5,ENTREZ_2625,GATA3
logistic,20,5,ENTREZ_27202,GPR77
logistic,20,5,ENTREZ_79083,MLPH
logistic,20,5,ENTREZ_222171,PRR15
logistic,20,5,ENTREZ_54763,ROPN1
logistic,20,5,ENTREZ_135295,SFRS13B
logistic,20,5,ENTREZ_80736,SLC44A4
logistic,20,5,ENTREZ_25803,SPDEF
logistic,20,5,ENTREZ_23158,TBC1D9
logistic,20,5,ENTREZ_79875,THSD4
logistic,20,5,ENTREZ_7494,XBP1
logistic,50,1,ENTREZ_3899,AFF3
logistic,50,1,ENTREZ_10551,AGR2
logistic,50,1,ENTREZ_155465,AGR3
logistic,50,1,ENTREZ_8416,ANXA9
logistic,50,1,ENTREZ_367,AR
logistic,50,1,ENTREZ_419,ART3
logistic,50,1,ENTREZ_84002,B3GNT5
logistic,50,1,ENTREZ_8537,BCAS1
logistic,50,1,ENTREZ_149563,C1orf64
logistic,50,1,ENTREZ_80129,C6orf97
logistic,50,1,ENTREZ_401546,C9orf152
logistic,50,1,ENTREZ_771,CA12
logistic,50,1,ENTREZ_898,CCNE1
logistic,50,1,ENTREZ_140578,CHODL
logistic,50,1,ENTREZ_134147,CMBL
logistic,50,1,ENTREZ_196993,CT62
logistic,50,1,ENTREZ_123099,DEGS2
logistic,50,1,ENTREZ_7802,DNALI1
logistic,50,1,ENTREZ_2066,ERBB4
logistic,50,1,ENTREZ_2099,ESR1
logistic,50,1,ENTREZ_100129583,FAM47E
logistic,50,1,ENTREZ_3169,FOXA1
logistic,50,1,ENTREZ_2296,FOXC1
logistic,50,1,ENTREZ_161835,FSIP1
logistic,50,1,ENTREZ_8326,FZD9
logistic,50,1,ENTREZ_9568,GABBR2
logistic,50,1,ENTREZ_2625,GATA3
logistic,50,1,ENTREZ_26996,GPR160
logistic,50,1,ENTREZ_27202,GPR77
logistic,50,1,ENTREZ_84072,HORMAD1
logistic,50,1,ENTREZ_3767,KCNJ11
logistic,50,1,ENTREZ_93273,LEMD1
logistic,50,1,ENTREZ_145837,DRAIC
logistic,50,1,ENTREZ_79083,MLPH
logistic,50,1,ENTREZ_222171,PRR15
logistic,50,1,ENTREZ_54763,ROPN1
logistic,50,1,ENTREZ_135295,SFRS13B
logistic,50,1,ENTREZ_54847,SIDT1
logistic,50,1,ENTREZ_6584,SLC22A5
logistic,50,1,ENTREZ_80736,SLC44A4
logistic,50,1,ENTREZ_23428,SLC7A8
logistic,50,1,ENTREZ_25803,SPDEF
logistic,50,1,ENTREZ_23158,TBC1D9
logistic,50,1,ENTREZ_7031,TFF1
logistic,50,1,ENTREZ_7033,TFF3
logistic,50,1,ENTREZ_79875,THSD4
logistic,50,1,ENTREZ_51442,VGLL1
logistic,50,1,ENTREZ_7494,XBP1
logistic,50,1,ENTREZ_51364,ZMYND10
logistic,50,1,ENTREZ_79818,ZNF552
logistic,50,2,ENTREZ_6833,ABCC8
logistic,50,2,ENTREZ_3899,AFF3
logistic,50,2,ENTREZ_10551,AGR2
logistic,50,2,ENTREZ_155465,AGR3
logistic,50,2,ENTREZ_8416,ANXA9
logistic,50,2,ENTREZ_367,AR
logistic,50,2,ENTREZ_419,ART3
logistic,50,2,ENTREZ_84002,B3GNT5
logistic,50,2,ENTREZ_149563,C1orf64
logistic,50,2,ENTREZ_80129,C6orf97
logistic,50,2,ENTREZ_771,CA12
logistic,50,2,ENTREZ_92291,CAPN13
logistic,50,2,ENTREZ_898,CCNE1
logistic,50,2,ENTREZ_140578,CHODL
logistic,50,2,ENTREZ_134147,CMBL
logistic,50,2,ENTREZ_196993,CT62
logistic,50,2,ENTREZ_123099,DEGS2
logistic,50,2,ENTREZ_7802,DNALI1
logistic,50,2,ENTREZ_2066,ERBB4
logistic,50,2,ENTREZ_2099,ESR1
logistic,50,2,ENTREZ_100129583,FAM47E
logistic,50,2,ENTREZ_399717,GATA3-AS1
logistic,50,2,ENTREZ_3169,FOXA1
logistic,50,2,ENTREZ_2296,FOXC1
logistic,50,2,ENTREZ_161835,FSIP1
logistic,50,2,ENTREZ_8326,FZD9
logistic,50,2,ENTREZ_2625,GATA3
logistic,50,2,ENTREZ_27202,GPR77
logistic,50,2,ENTREZ_84072,HORMAD1
logistic,50,2,ENTREZ_3475,IFRD1
logistic,50,2,ENTREZ_3767,KCNJ11
logistic,50,2,ENTREZ_93273,LEMD1
logistic,50,2,ENTREZ_145837,DRAIC
logistic,50,2,ENTREZ_79083,MLPH
logistic,50,2,ENTREZ_222171,PRR15
logistic,50,2,ENTREZ_29968,PSAT1
logistic,50,2,ENTREZ_54763,ROPN1
logistic,50,2,ENTREZ_135295,SFRS13B
logistic,50,2,ENTREZ_54847,SIDT1
logistic,50,2,ENTREZ_80736,SLC44A4
logistic,50,2,ENTREZ_23428,SLC7A8
logistic,50,2,ENTREZ_25803,SPDEF
logistic,50,2,ENTREZ_23158,TBC1D9
logistic,50,2,ENTREZ_7031,TFF1
logistic,50,2,ENTREZ_7033,TFF3
logistic,50,2,ENTREZ_79875,THSD4
logistic,50,2,ENTREZ_51442,VGLL1
logistic,50,2,ENTREZ_7494,XBP1
logistic,50,2,ENTREZ_51364,ZMYND10
logistic,50,2,ENTREZ_79818,ZNF552
logistic,50,3,ENTREZ_144568,A2ML1
logistic,50,3,ENTREZ_10551,AGR2
logistic,50,3,ENTREZ_155465,AGR3
logistic,50,3,ENTREZ_8416,ANXA9
logistic,50,3,ENTREZ_367,AR
logistic,50,3,ENTREZ_419,ART3
logistic,50,3,ENTREZ_84002,B3GNT5
logistic,50,3,ENTREZ_149563,C1orf64
logistic,50,3,ENTREZ_80129,C6orf97
logistic,50,3,ENTREZ_771,CA12
logistic,50,3,ENTREZ_898,CCNE1
logistic,50,3,ENTREZ_1058,CENPA
logistic,50,3,ENTREZ_140578,CHODL
logistic,50,3,ENTREZ_134147,CMBL
logistic,50,3,ENTREZ_196993,CT62
logistic,50,3,ENTREZ_123099,DEGS2
logistic,50,3,ENTREZ_7802,DNALI1
logistic,50,3,ENTREZ_2066,ERBB4
logistic,50,3,ENTREZ_2099,ESR1
logistic,50,3,ENTREZ_100129583,FAM47E
logistic,50,3,ENTREZ_399717,GATA3-AS1
logistic,50,3,ENTREZ_3169,FOXA1
logistic,50,3,ENTREZ_2296,FOXC1
logistic,50,3,ENTREZ_161835,FSIP1
logistic,50,3,ENTREZ_2625,GATA3
logistic,50,3,ENTREZ_27202,GPR77
logistic,50,3,ENTREZ_84072,HORMAD1
logistic,50,3,ENTREZ_3767,KCNJ11
logistic,50,3,ENTREZ_93273,LEMD1
logistic,50,3,ENTREZ_145837,DRAIC
logistic,50,3,ENTREZ_79083,MLPH
logistic,50,3,ENTREZ_81706,PPP1R14C
logistic,50,3,ENTREZ_222171,PRR15
logistic,50,3,ENTREZ_29968,PSAT1
logistic,50,3,ENTREZ_54763,ROPN1
logistic,50,3,ENTREZ_57758,SCUBE2
logistic,50,3,ENTREZ_135295,SFRS13B
logistic,50,3,ENTREZ_54847,SIDT1
logistic,50,3,ENTREZ_6584,SLC22A5
logistic,50,3,ENTREZ_80736,SLC44A4
logistic,50,3,ENTREZ_23428,SLC7A8
logistic,50,3,ENTREZ_25803,SPDEF
logistic,50,3,ENTREZ_23158,TBC1D9
logistic,50,3,ENTREZ_7031,TFF1
logistic,50,3,ENTREZ_7033,TFF3
logistic,50,3,ENTREZ_79875,THSD4
logistic,50,3,ENTREZ_51442,VGLL1
logistic,50,3,ENTREZ_7494,XBP1
logistic,50,3,ENTREZ_51364,ZMYND10
logistic,50,3,ENTREZ_79818,ZNF552
logistic,50,4,ENTREZ_3899,AFF3
logistic,50,4,ENTREZ_10551,AGR2
logistic,50,4,ENTREZ_155465,AGR3
logistic,50,4,ENTREZ_8416,ANXA9
logistic,50,4,ENTREZ_367,AR
logistic,50,4,ENTREZ_22901,ARSG
logistic,50,4,ENTREZ_419,ART3
logistic,50,4,ENTREZ_84002,B3GNT5
logistic,50,4,ENTREZ_149563,C1orf64
logistic,50,4,ENTREZ_80129,C6orf97
logistic,50,4,ENTREZ_771,CA12
logistic,50,4,ENTREZ_898,CCNE1
logistic,50,4,ENTREZ_134147,CMBL
logistic,50,4,ENTREZ_196993,CT62
logistic,50,4,ENTREZ_203413,CXorf61
logistic,50,4,ENTREZ_123099,DEGS2
logistic,50,4,ENTREZ_7802,DNALI1
logistic,50,4,ENTREZ_2066,ERBB4
logistic,50,4,ENTREZ_2099,ESR1
logistic,50,4,ENTREZ_399717,GATA3-AS1
logistic,50,4,ENTREZ_3169,FOXA1
logistic,50,4,ENTREZ_2296,FOXC1
logistic,50,4,ENTREZ_161835,FSIP1
logistic,50,4,ENTREZ_8326,FZD9
logistic,50,4,ENTREZ_2625,GATA3
logistic,50,4,ENTREZ_27202,GPR77
logistic,50,4,ENTREZ_84072,HORMAD1
logistic,50,4,ENTREZ_8821,INPP4B
logistic,50,4,ENTREZ_3767,KCNJ11
logistic,50,4,ENTREZ_93273,LEMD1
logistic,50,4,ENTREZ_145837,DRAIC
logistic,50,4,ENTREZ_79083,MLPH
logistic,50,4,ENTREZ_4602,MYB
logistic,50,4,ENTREZ_81706,PPP1R14C
logistic,50,4,ENTREZ_222171,PRR15
logistic,50,4,ENTREZ_29968,PSAT1
logistic,50,4,ENTREZ_54763,ROPN1
logistic,50,4,ENTREZ_135295,SFRS13B
logistic,50,4,ENTREZ_54847,SIDT1
logistic,50,4,ENTREZ_6584,SLC22A5
logistic,50,4,ENTREZ_80736,SLC44A4
logistic,50,4,ENTREZ_23428,SLC7A8
logistic,50,4,ENTREZ_25803,SPDEF
logistic,50,4,ENTREZ_23158,TBC1D9
logistic,50,4,ENTREZ_7031,TFF1
logistic,50,4,ENTREZ_7033,TFF3
logistic,50,4,ENTREZ_79875,THSD4
logistic,50,4,ENTREZ_7494,XBP1
logistic,50,4,ENTREZ_51364,ZMYND10
logistic,50,4,ENTREZ_79818,ZNF552
logistic,50,5,ENTREZ_10551,AGR2
logistic,50,5,ENTREZ_155465,AGR3
logistic,50,5,ENTREZ_8416,ANXA9
logistic,50,5,ENTREZ_367,AR
logistic,50,5,ENTREZ_22901,ARSG
logistic,50,5,ENTREZ_419,ART3
logistic,50,5,ENTREZ_149563,C1orf64
logistic,50,5,ENTREZ_80129,C6orf97
logistic,50,5,ENTREZ_771,CA12
logistic,50,5,ENTREZ_898,CCNE1
logistic,50,5,ENTREZ_387103,CENPW
logistic,50,5,ENTREZ_134147,CMBL
logistic,50,5,ENTREZ_196993,CT62
logistic,50,5,ENTREZ_203413,CXorf61
logistic,50,5,ENTREZ_123099,DEGS2
logistic,50,5,ENTREZ_7802,DNALI1
logistic,50,5,ENTREZ_2066,ERBB4
logistic,50,5,ENTREZ_2099,ESR1
logistic,50,5,ENTREZ_2203,FBP1
logistic,50,5,ENTREZ_3169,FOXA1
logistic,50,5,ENTREZ_2296,FOXC1
logistic,50,5,ENTREZ_161835,FSIP1
logistic,50,5,ENTREZ_8326,FZD9
logistic,50,5,ENTREZ_2625,GATA3
logistic,50,5,ENTREZ_27202,GPR77
logistic,50,5,ENTREZ_84072,HORMAD1
logistic,50,5,ENTREZ_8821,INPP4B
logistic,50,5,ENTREZ_3767,KCNJ11
logistic,50,5,ENTREZ_93273,LEMD1
logistic,50,5,ENTREZ_145837,DRAIC
logistic,50,5,ENTREZ_4137,MAPT
logistic,50,5,ENTREZ_79083,MLPH
logistic,50,5,ENTREZ_81706,PPP1R14C
logistic,50,5,ENTREZ_222171,PRR15
logistic,50,5,ENTREZ_29968,PSAT1
logistic,50,5,ENTREZ_54763,ROPN1
logistic,50,5,ENTREZ_57758,SCUBE2
logistic,50,5,ENTREZ_135295,SFRS13B
logistic,50,5,ENTREZ_54847,SIDT1
logistic,50,5,ENTREZ_6584,SLC22A5
logistic,50,5,ENTREZ_80736,SLC44A4
logistic,50,5,ENTREZ_23428,SLC7A8
logistic,50,5,ENTREZ_25803,SPDEF
logistic,50,5,ENTREZ_23158,TBC1D9
logistic,50,5,ENTREZ_7031,TFF1
logistic,50,5,ENTREZ_7033,TFF3
logistic,50,5,ENTREZ_79875,THSD4
logistic,50,5,ENTREZ_51442,VGLL1
logistic,50,5,ENTREZ_7494,XBP1
logistic,50,5,ENTREZ_79818,ZNF552
logistic,100,1,ENTREZ_144568,A2ML1
logistic,100,1,ENTREZ_18,ABAT
logistic,100,1,ENTREZ_6833,ABCC8
logistic,100,1,ENTREZ_36,ACADSB
logistic,100,1,ENTREZ_3899,AFF3
logistic,100,1,ENTREZ_10551,AGR2
logistic,100,1,ENTREZ_155465,AGR3
logistic,100,1,ENTREZ_8416,ANXA9
logistic,100,1,ENTREZ_367,AR
logistic,100,1,ENTREZ_22901,ARSG
logistic,100,1,ENTREZ_419,ART3
logistic,100,1,ENTREZ_84002,B3GNT5
logistic,100,1,ENTREZ_8537,BCAS1
logistic,100,1,ENTREZ_53335,BCL11A
logistic,100,1,ENTREZ_283987,C17orf28
logistic,100,1,ENTREZ_149563,C1orf64
logistic,100,1,ENTREZ_201895,C4orf34
logistic,100,1,ENTREZ_285600,C5orf36
logistic,100,1,ENTREZ_80129,C6orf97
logistic,100,1,ENTREZ_401546,C9orf152
logistic,100,1,ENTREZ_401535,C9orf170
logistic,100,1,ENTREZ_771,CA12
logistic,100,1,ENTREZ_92291,CAPN13
logistic,100,1,ENTREZ_388743,CAPN8
logistic,100,1,ENTREZ_202243,CCDC125
logistic,100,1,ENTREZ_898,CCNE1
logistic,100,1,ENTREZ_55143,CDCA8
logistic,100,1,ENTREZ_1058,CENPA
logistic,100,1,ENTREZ_55839,CENPN
logistic,100,1,ENTREZ_387103,CENPW
logistic,100,1,ENTREZ_55165,CEP55
logistic,100,1,ENTREZ_140578,CHODL
logistic,100,1,ENTREZ_64084,CLSTN2
logistic,100,1,ENTREZ_134147,CMBL
logistic,100,1,ENTREZ_196993,CT62
logistic,100,1,ENTREZ_203413,CXorf61
logistic,100,1,ENTREZ_1556,CYP2B7P1
logistic,100,1,ENTREZ_123099,DEGS2
logistic,100,1,ENTREZ_7802,DNALI1
logistic,100,1,ENTREZ_2066,ERBB4
logistic,100,1,ENTREZ_2099,ESR1
logistic,100,1,ENTREZ_221061,FAM171A1
logistic,100,1,ENTREZ_100129583,FAM47E
logistic,100,1,ENTREZ_2203,FBP1
logistic,100,1,ENTREZ_399717,GATA3-AS1
logistic,100,1,ENTREZ_3169,FOXA1
logistic,100,1,ENTREZ_2296,FOXC1
logistic,100,1,ENTREZ_161835,FSIP1
logistic,100,1,ENTREZ_8326,FZD9
logistic,100,1,ENTREZ_9568,GABBR2
logistic,100,1,ENTREZ_2625,GATA3
logistic,100,1,ENTREZ_26996,GPR160
logistic,100,1,ENTREZ_27202,GPR77
logistic,100,1,ENTREZ_9687,GREB1
logistic,100,1,ENTREZ_84072,HORMAD1
logistic,100,1,ENTREZ_3475,IFRD1
logistic,100,1,ENTREZ_8821,INPP4B
logistic,100,1,ENTREZ_27124,INPP5J
logistic,100,1,ENTREZ_56888,KCMF1
logistic,100,1,ENTREZ_3767,KCNJ11
logistic,100,1,ENTREZ_3868,KRT16
logistic,100,1,ENTREZ_93273,LEMD1
logistic,100,1,ENTREZ_145837,DRAIC
logistic,100,1,ENTREZ_4137,MAPT
logistic,100,1,ENTREZ_85377,MICALL1
logistic,100,1,ENTREZ_79083,MLPH
logistic,100,1,ENTREZ_4602,MYB
logistic,100,1,ENTREZ_9,NAT1
logistic,100,1,ENTREZ_115677,NOSTRIN
logistic,100,1,ENTREZ_4948,OCA2
logistic,100,1,ENTREZ_55301,OLAH
logistic,100,1,ENTREZ_23590,PDSS1
logistic,100,1,ENTREZ_5241,PGR
logistic,100,1,ENTREZ_81706,PPP1R14C
logistic,100,1,ENTREZ_222171,PRR15
logistic,100,1,ENTREZ_260429,PRSS33
logistic,100,1,ENTREZ_29968,PSAT1
logistic,100,1,ENTREZ_54763,ROPN1
logistic,100,1,ENTREZ_152015,ROPN1B
logistic,100,1,ENTREZ_57758,SCUBE2
logistic,100,1,ENTREZ_135295,SFRS13B
logistic,100,1,ENTREZ_54847,SIDT1
logistic,100,1,ENTREZ_6584,SLC22A5
logistic,100,1,ENTREZ_80736,SLC44A4
logistic,100,1,ENTREZ_23428,SLC7A8
logistic,100,1,ENTREZ_25803,SPDEF
logistic,100,1,ENTREZ_79723,SUV39H2
logistic,100,1,ENTREZ_23158,TBC1D9
logistic,100,1,ENTREZ_7031,TFF1
logistic,100,1,ENTREZ_7033,TFF3
logistic,100,1,ENTREZ_79875,THSD4
logistic,100,1,ENTREZ_143941,TTC36
logistic,100,1,ENTREZ_7272,TTK
logistic,100,1,ENTREZ_9654,TTLL4
logistic,100,1,ENTREZ_127733,UBXN10
logistic,100,1,ENTREZ_51442,VGLL1
logistic,100,1,ENTREZ_7494,XBP1
logistic,100,1,ENTREZ_4904,YBX1
logistic,100,1,ENTREZ_51364,ZMYND10
logistic,100,1,ENTREZ_79818,ZNF552
logistic,100,2,ENTREZ_144568,A2ML1
logistic,100,2,ENTREZ_18,ABAT
logistic,100,2,ENTREZ_6833,ABCC8
logistic,100,2,ENTREZ_36,ACADSB
logistic,100,2,ENTREZ_3899,AFF3
logistic,100,2,ENTREZ_10551,AGR2
logistic,100,2,ENTREZ_155465,AGR3
logistic,100,2,ENTREZ_276,AMY1A
logistic,100,2,ENTREZ_8416,ANXA9
logistic,100,2,ENTREZ_323,APBB2
logistic,100,2,ENTREZ_367,AR
logistic,100,2,ENTREZ_22901,ARSG
logistic,100,2,ENTREZ_419,ART3
logistic,100,2,ENTREZ_84002,B3GNT5
logistic,100,2,ENTREZ_8537,BCAS1
logistic,100,2,ENTREZ_283987,C17orf28
logistic,100,2,ENTREZ_149563,C1orf64
logistic,100,2,ENTREZ_201895,C4orf34
logistic,100,2,ENTREZ_285600,C5orf36
logistic,100,2,ENTREZ_80129,C6orf97
logistic,100,2,ENTREZ_401546,C9orf152
logistic,100,2,ENTREZ_401535,C9orf170
logistic,100,2,ENTREZ_771,CA12
logistic,100,2,ENTREZ_92291,CAPN13
logistic,100,2,ENTREZ_388743,CAPN8
logistic,100,2,ENTREZ_202243,CCDC125
logistic,100,2,ENTREZ_898,CCNE1
logistic,100,2,ENTREZ_991,CDC20
logistic,100,2,ENTREZ_55143,CDCA8
logistic,100,2,ENTREZ_1058,CENPA
logistic,100,2,ENTREZ_55839,CENPN
logistic,100,2,ENTREZ_387103,CENPW
logistic,100,2,ENTREZ_140578,CHODL
logistic,100,2,ENTREZ_64084,CLSTN2
logistic,100,2,ENTREZ_134147,CMBL
logistic,100,2,ENTREZ_196993,CT62
logistic,100,2,ENTREZ_203413,CXorf61
logistic,100,2,ENTREZ_1602,DACH1
logistic,100,2,ENTREZ_123099,DEGS2
logistic,100,2,ENTREZ_7802,DNALI1
logistic,100,2,ENTREZ_2066,ERBB4
logistic,100,2,ENTREZ_57222,ERGIC1
logistic,100,2,ENTREZ_2099,ESR1
logistic,100,2,ENTREZ_221061,FAM171A1
logistic,100,2,ENTREZ_100129583,FAM47E
logistic,100,2,ENTREZ_2203,FBP1
logistic,100,2,ENTREZ_399717,GATA3-AS1
logistic,100,2,ENTREZ_3169,FOXA1
logistic,100,2,ENTREZ_2296,FOXC1
logistic,100,2,ENTREZ_161835,FSIP1
logistic,100,2,ENTREZ_8326,FZD9
logistic,100,2,ENTREZ_9568,GABBR2
logistic,100,2,ENTREZ_2625,GATA3
logistic,100,2,ENTREZ_26996,GPR160
logistic,100,2,ENTREZ_27202,GPR77
logistic,100,2,ENTREZ_9687,GREB1
logistic,100,2,ENTREZ_84072,HORMAD1
logistic,100,2,ENTREZ_3475,IFRD1
logistic,100,2,ENTREZ_8821,INPP4B
logistic,100,2,ENTREZ_27124,INPP5J
logistic,100,2,ENTREZ_3767,KCNJ11
logistic,100,2,ENTREZ_56204,KIAA1370
logistic,100,2,ENTREZ_3868,KRT16
logistic,100,2,ENTREZ_93273,LEMD1
logistic,100,2,ENTREZ_145837,DRAIC
logistic,100,2,ENTREZ_4137,MAPT
logistic,100,2,ENTREZ_85377,MICALL1
logistic,100,2,ENTREZ_79083,MLPH
logistic,100,2,ENTREZ_4602,MYB
logistic,100,2,ENTREZ_9,NAT1
logistic,100,2,ENTREZ_115677,NOSTRIN
logistic,100,2,ENTREZ_55301,OLAH
logistic,100,2,ENTREZ_23590,PDSS1
logistic,100,2,ENTREZ_5241,PGR
logistic,100,2,ENTREZ_81706,PPP1R14C
logistic,100,2,ENTREZ_222171,PRR15
logistic,100,2,ENTREZ_260429,PRSS33
logistic,100,2,ENTREZ_29968,PSAT1
logistic,100,2,ENTREZ_9135,RABEP1
logistic,100,2,ENTREZ_92840,REEP6
logistic,100,2,ENTREZ_27289,RND1
logistic,100,2,ENTREZ_54763,ROPN1
logistic,100,2,ENTREZ_57758,SCUBE2
logistic,100,2,ENTREZ_135295,SFRS13B
logistic,100,2,ENTREZ_54847,SIDT1
logistic,100,2,ENTREZ_6584,SLC22A5
logistic,100,2,ENTREZ_80736,SLC44A4
logistic,100,2,ENTREZ_23428,SLC7A8
logistic,100,2,ENTREZ_25803,SPDEF
logistic,100,2,ENTREZ_23158,TBC1D9
logistic,100,2,ENTREZ_7031,TFF1
logistic,100,2,ENTREZ_7033,TFF3
logistic,100,2,ENTREZ_79875,THSD4
logistic,100,2,ENTREZ_143941,TTC36
logistic,100,2,ENTREZ_123016,TTC8
logistic,100,2,ENTREZ_51442,VGLL1
logistic,100,2,ENTREZ_7494,XBP1
logistic,100,2,ENTREZ_4904,YBX1
logistic,100,2,ENTREZ_51364,ZMYND10
logistic,100,2,ENTREZ_79818,ZNF552
logistic,100,3,ENTREZ_144568,A2ML1
logistic,100,3,ENTREZ_18,ABAT
logistic,100,3,ENTREZ_6833,ABCC8
logistic,100,3,ENTREZ_36,ACADSB
logistic,100,3,ENTREZ_3899,AFF3
logistic,100,3,ENTREZ_10551,AGR2
logistic,100,3,ENTREZ_155465,AGR3
logistic,100,3,ENTREZ_8416,ANXA9
logistic,100,3,ENTREZ_367,AR
logistic,100,3,ENTREZ_22901,ARSG
logistic,100,3,ENTREZ_419,ART3
logistic,100,3,ENTREZ_84002,B3GNT5
logistic,100,3,ENTREZ_8537,BCAS1
logistic,100,3,ENTREZ_283987,C17orf28
logistic,100,3,ENTREZ_149563,C1orf64
logistic,100,3,ENTREZ_201895,C4orf34
logistic,100,3,ENTREZ_80129,C6orf97
logistic,100,3,ENTREZ_401546,C9orf152
logistic,100,3,ENTREZ_401535,C9orf170
logistic,100,3,ENTREZ_771,CA12
logistic,100,3,ENTREZ_92291,CAPN13
logistic,100,3,ENTREZ_202243,CCDC125
logistic,100,3,ENTREZ_898,CCNE1
logistic,100,3,ENTREZ_991,CDC20
logistic,100,3,ENTREZ_993,CDC25A
logistic,100,3,ENTREZ_55143,CDCA8
logistic,100,3,ENTREZ_1058,CENPA
logistic,100,3,ENTREZ_55839,CENPN
logistic,100,3,ENTREZ_387103,CENPW
logistic,100,3,ENTREZ_55165,CEP55
logistic,100,3,ENTREZ_140578,CHODL
logistic,100,3,ENTREZ_64084,CLSTN2
logistic,100,3,ENTREZ_134147,CMBL
logistic,100,3,ENTREZ_196993,CT62
logistic,100,3,ENTREZ_203413,CXorf61
logistic,100,3,ENTREZ_123099,DEGS2
logistic,100,3,ENTREZ_7802,DNALI1
logistic,100,3,ENTREZ_2066,ERBB4
logistic,100,3,ENTREZ_2099,ESR1
logistic,100,3,ENTREZ_221061,FAM171A1
logistic,100,3,ENTREZ_100129583,FAM47E
logistic,100,3,ENTREZ_2203,FBP1
logistic,100,3,ENTREZ_399717,GATA3-AS1
logistic,100,3,ENTREZ_3169,FOXA1
logistic,100,3,ENTREZ_2296,FOXC1
logistic,100,3,ENTREZ_2305,FOXM1
logistic,100,3,ENTREZ_161835,FSIP1
logistic,100,3,ENTREZ_8326,FZD9
logistic,100,3,ENTREZ_9568,GABBR2
logistic,100,3,ENTREZ_2625,GATA3
logistic,100,3,ENTREZ_26996,GPR160
logistic,100,3,ENTREZ_27202,GPR77
logistic,100,3,ENTREZ_9687,GREB1
logistic,100,3,ENTREZ_84072,HORMAD1
logistic,100,3,ENTREZ_3475,IFRD1
logistic,100,3,ENTREZ_8821,INPP4B
logistic,100,3,ENTREZ_3767,KCNJ11
logistic,100,3,ENTREZ_23030,KDM4B
logistic,100,3,ENTREZ_11004,KIF2C
logistic,100,3,ENTREZ_3868,KRT16
logistic,100,3,ENTREZ_93273,LEMD1
logistic,100,3,ENTREZ_4010,LMX1B
logistic,100,3,ENTREZ_145837,DRAIC
logistic,100,3,ENTREZ_4137,MAPT
logistic,100,3,ENTREZ_55388,MCM10
logistic,100,3,ENTREZ_85377,MICALL1
logistic,100,3,ENTREZ_79083,MLPH
logistic,100,3,ENTREZ_4602,MYB
logistic,100,3,ENTREZ_9,NAT1
logistic,100,3,ENTREZ_115677,NOSTRIN
logistic,100,3,ENTREZ_55301,OLAH
logistic,100,3,ENTREZ_23594,ORC6L
logistic,100,3,ENTREZ_23590,PDSS1
logistic,100,3,ENTREZ_5241,PGR
logistic,100,3,ENTREZ_81706,PPP1R14C
logistic,100,3,ENTREZ_222171,PRR15
logistic,100,3,ENTREZ_29968,PSAT1
logistic,100,3,ENTREZ_54763,ROPN1
logistic,100,3,ENTREZ_152015,ROPN1B
logistic,100,3,ENTREZ_57758,SCUBE2
logistic,100,3,ENTREZ_135295,SFRS13B
logistic,100,3,ENTREZ_54847,SIDT1
logistic,100,3,ENTREZ_6584,SLC22A5
logistic,100,3,ENTREZ_80736,SLC44A4
logistic,100,3,ENTREZ_23428,SLC7A8
logistic,100,3,ENTREZ_25803,SPDEF
logistic,100,3,ENTREZ_79723,SUV39H2
logistic,100,3,ENTREZ_23158,TBC1D9
logistic,100,3,ENTREZ_7031,TFF1
logistic,100,3,ENTREZ_7033,TFF3
logistic,100,3,ENTREZ_79875,THSD4
logistic,100,3,ENTREZ_22974,TPX2
logistic,100,3,ENTREZ_143941,TTC36
logistic,100,3,ENTREZ_7272,TTK
logistic,100,3,ENTREZ_9654,TTLL4
logistic,100,3,ENTREZ_51442,VGLL1
logistic,100,3,ENTREZ_7494,XBP1
logistic,100,3,ENTREZ_4904,YBX1
logistic,100,3,ENTREZ_51364,ZMYND10
logistic,100,3,ENTREZ_79818,ZNF552
logistic,100,4,ENTREZ_144568,A2ML1
logistic,100,4,ENTREZ_18,ABAT
logistic,100,4,ENTREZ_6833,ABCC8
logistic,100,4,ENTREZ_36,ACADSB
logistic,100,4,ENTREZ_3899,AFF3
logistic,100,4,ENTREZ_10551,AGR2
logistic,100,4,ENTREZ_155465,AGR3
logistic,100,4,ENTREZ_276,AMY1A
logistic,100,4,ENTREZ_8416,ANXA9
logistic,100,4,ENTREZ_367,AR
logistic,100,4,ENTREZ_22901,ARSG
logistic,100,4,ENTREZ_419,ART3
logistic,100,4,ENTREZ_84002,B3GNT5
logistic,100,4,ENTREZ_8537,BCAS1
logistic,100,4,ENTREZ_283987,C17orf28
logistic,100,4,ENTREZ_149563,C1orf64
logistic,100,4,ENTREZ_201895,C4orf34
logistic,100,4,ENTREZ_285600,C5orf36
logistic,100,4,ENTREZ_80129,C6orf97
logistic,100,4,ENTREZ_401546,C9orf152
logistic,100,4,ENTREZ_401535,C9orf170
logistic,100,4,ENTREZ_771,CA12
logistic,100,4,ENTREZ_92291,CAPN13
logistic,100,4,ENTREZ_202243,CCDC125
logistic,100,4,ENTREZ_898,CCNE1
logistic,100,4,ENTREZ_991,CDC20
logistic,100,4,ENTREZ_55143,CDCA8
logistic,100,4,ENTREZ_1058,CENPA
logistic,100,4,ENTREZ_55839,CENPN
logistic,100,4,ENTREZ_387103,CENPW
logistic,100,4,ENTREZ_55165,CEP55
logistic,100,4,ENTREZ_140578,CHODL
logistic,100,4,ENTREZ_64084,CLSTN2
logistic,100,4,ENTREZ_134147,CMBL
logistic,100,4,ENTREZ_196993,CT62
logistic,100,4,ENTREZ_203413,CXorf61
logistic,100,4,ENTREZ_1556,CYP2B7P1
logistic,100,4,ENTREZ_1602,DACH1
logistic,100,4,ENTREZ_123099,DEGS2
logistic,100,4,ENTREZ_7802,DNALI1
logistic,100,4,ENTREZ_2066,ERBB4
logistic,100,4,ENTREZ_2099,ESR1
logistic,100,4,ENTREZ_221061,FAM171A1
logistic,100,4,ENTREZ_100129583,FAM47E
logistic,100,4,ENTREZ_2203,FBP1
logistic,100,4,ENTREZ_399717,GATA3-AS1
logistic,100,4,ENTREZ_3169,FOXA1
logistic,100,4,ENTREZ_2296,FOXC1
logistic,100,4,ENTREZ_2305,FOXM1
logistic,100,4,ENTREZ_161835,FSIP1
logistic,100,4,ENTREZ_8326,FZD9
logistic,100,4,ENTREZ_9568,GABBR2
logistic,100,4,ENTREZ_2625,GATA3
logistic,100,4,ENTREZ_2674,GFRA1
logistic,100,4,ENTREZ_26996,GPR160
logistic,100,4,ENTREZ_27202,GPR77
logistic,100,4,ENTREZ_9687,GREB1
logistic,100,4,ENTREZ_84072,HORMAD1
logistic,100,4,ENTREZ_3475,IFRD1
logistic,100,4,ENTREZ_8821,INPP4B
logistic,100,4,ENTREZ_3767,KCNJ11
logistic,100,4,ENTREZ_23030,KDM4B
logistic,100,4,ENTREZ_3868,KRT16
logistic,100,4,ENTREZ_93273,LEMD1
logistic,100,4,ENTREZ_145837,DRAIC
logistic,100,4,ENTREZ_4137,MAPT
logistic,100,4,ENTREZ_85377,MICALL1
logistic,100,4,ENTREZ_79083,MLPH
logistic,100,4,ENTREZ_4602,MYB
logistic,100,4,ENTREZ_9,NAT1
logistic,100,4,ENTREZ_115677,NOSTRIN
logistic,100,4,ENTREZ_23590,PDSS1
logistic,100,4,ENTREZ_5241,PGR
logistic,100,4,ENTREZ_81706,PPP1R14C
logistic,100,4,ENTREZ_222171,PRR15
logistic,100,4,ENTREZ_260429,PRSS33
logistic,100,4,ENTREZ_29968,PSAT1
logistic,100,4,ENTREZ_54763,ROPN1
logistic,100,4,ENTREZ_146923,RUNDC1
logistic,100,4,ENTREZ_57758,SCUBE2
logistic,100,4,ENTREZ_135295,SFRS13B
logistic,100,4,ENTREZ_54847,SIDT1
logistic,100,4,ENTREZ_6584,SLC22A5
logistic,100,4,ENTREZ_80736,SLC44A4
logistic,100,4,ENTREZ_23428,SLC7A8
logistic,100,4,ENTREZ_25803,SPDEF
logistic,100,4,ENTREZ_79723,SUV39H2
logistic,100,4,ENTREZ_23158,TBC1D9
logistic,100,4,ENTREZ_7031,TFF1
logistic,100,4,ENTREZ_7033,TFF3
logistic,100,4,ENTREZ_79875,THSD4
logistic,100,4,ENTREZ_22974,TPX2
logistic,100,4,ENTREZ_143941,TTC36
logistic,100,4,ENTREZ_7272,TTK
logistic,100,4,ENTREZ_9654,TTLL4
logistic,100,4,ENTREZ_51442,VGLL1
logistic,100,4,ENTREZ_7494,XBP1
logistic,100,4,ENTREZ_4904,YBX1
logistic,100,4,ENTREZ_51364,ZMYND10
logistic,100,4,ENTREZ_79818,ZNF552
logistic,100,5,ENTREZ_144568,A2ML1
logistic,100,5,ENTREZ_18,ABAT
logistic,100,5,ENTREZ_6833,ABCC8
logistic,100,5,ENTREZ_36,ACADSB
logistic,100,5,ENTREZ_3899,AFF3
logistic,100,5,ENTREZ_10551,AGR2
logistic,100,5,ENTREZ_155465,AGR3
logistic,100,5,ENTREZ_276,AMY1A
logistic,100,5,ENTREZ_8416,ANXA9
logistic,100,5,ENTREZ_367,AR
logistic,100,5,ENTREZ_22901,ARSG
logistic,100,5,ENTREZ_419,ART3
logistic,100,5,ENTREZ_84002,B3GNT5
logistic,100,5,ENTREZ_8537,BCAS1
logistic,100,5,ENTREZ_53335,BCL11A
logistic,100,5,ENTREZ_283987,C17orf28
logistic,100,5,ENTREZ_149563,C1orf64
logistic,100,5,ENTREZ_285600,C5orf36
logistic,100,5,ENTREZ_80129,C6orf97
logistic,100,5,ENTREZ_401546,C9orf152
logistic,100,5,ENTREZ_401535,C9orf170
logistic,100,5,ENTREZ_771,CA12
logistic,100,5,ENTREZ_92291,CAPN13
logistic,100,5,ENTREZ_388743,CAPN8
logistic,100,5,ENTREZ_202243,CCDC125
logistic,100,5,ENTREZ_898,CCNE1
logistic,100,5,ENTREZ_991,CDC20
logistic,100,5,ENTREZ_55143,CDCA8
logistic,100,5,ENTREZ_1058,CENPA
logistic,100,5,ENTREZ_55839,CENPN
logistic,100,5,ENTREZ_387103,CENPW
logistic,100,5,ENTREZ_140578,CHODL
logistic,100,5,ENTREZ_64084,CLSTN2
logistic,100,5,ENTREZ_134147,CMBL
logistic,100,5,ENTREZ_196993,CT62
logistic,100,5,ENTREZ_1503,CTPS
logistic,100,5,ENTREZ_203413,CXorf61
logistic,100,5,ENTREZ_123099,DEGS2
logistic,100,5,ENTREZ_7802,DNALI1
logistic,100,5,ENTREZ_2019,EN1
logistic,100,5,ENTREZ_2066,ERBB4
logistic,100,5,ENTREZ_2099,ESR1
logistic,100,5,ENTREZ_221061,FAM171A1
logistic,100,5,ENTREZ_100129583,FAM47E
logistic,100,5,ENTREZ_113115,FAM54A
logistic,100,5,ENTREZ_2203,FBP1
logistic,100,5,ENTREZ_399717,GATA3-AS1
logistic,100,5,ENTREZ_3169,FOXA1
logistic,100,5,ENTREZ_2296,FOXC1
logistic,100,5,ENTREZ_2305,FOXM1
logistic,100,5,ENTREZ_161835,FSIP1
logistic,100,5,ENTREZ_8326,FZD9
logistic,100,5,ENTREZ_9568,GABBR2
logistic,100,5,ENTREZ_2625,GATA3
logistic,100,5,ENTREZ_26996,GPR160
logistic,100,5,ENTREZ_27202,GPR77
logistic,100,5,ENTREZ_9687,GREB1
logistic,100,5,ENTREZ_84072,HORMAD1
logistic,100,5,ENTREZ_3475,IFRD1
logistic,100,5,ENTREZ_8821,INPP4B
logistic,100,5,ENTREZ_3767,KCNJ11
logistic,100,5,ENTREZ_23030,KDM4B
logistic,100,5,ENTREZ_56204,KIAA1370
logistic,100,5,ENTREZ_3868,KRT16
logistic,100,5,ENTREZ_93273,LEMD1
logistic,100,5,ENTREZ_145837,DRAIC
logistic,100,5,ENTREZ_4137,MAPT
logistic,100,5,ENTREZ_85377,MICALL1
logistic,100,5,ENTREZ_79083,MLPH
logistic,100,5,ENTREZ_9,NAT1
logistic,100,5,ENTREZ_115677,NOSTRIN
logistic,100,5,ENTREZ_23594,ORC6L
logistic,100,5,ENTREZ_23590,PDSS1
logistic,100,5,ENTREZ_5241,PGR
logistic,100,5,ENTREZ_81706,PPP1R14C
logistic,100,5,ENTREZ_222171,PRR15
logistic,100,5,ENTREZ_29968,PSAT1
logistic,100,5,ENTREZ_9135,RABEP1
logistic,100,5,ENTREZ_54763,ROPN1
logistic,100,5,ENTREZ_152015,ROPN1B
logistic,100,5,ENTREZ_57758,SCUBE2
logistic,100,5,ENTREZ_135295,SFRS13B
logistic,100,5,ENTREZ_54847,SIDT1
logistic,100,5,ENTREZ_6584,SLC22A5
logistic,100,5,ENTREZ_80736,SLC44A4
logistic,100,5,ENTREZ_23428,SLC7A8
logistic,100,5,ENTREZ_25803,SPDEF
logistic,100,5,ENTREZ_79723,SUV39H2
logistic,100,5,ENTREZ_23158,TBC1D9
logistic,100,5,ENTREZ_7031,TFF1
logistic,100,5,ENTREZ_7033,TFF3
logistic,100,5,ENTREZ_79875,THSD4
logistic,100,5,ENTREZ_143941,TTC36
logistic,100,5,ENTREZ_7272,TTK
logistic,100,5,ENTREZ_9654,TTLL4
logistic,100,5,ENTREZ_51442,VGLL1
logistic,100,5,ENTREZ_7494,XBP1
logistic,100,5,ENTREZ_4904,YBX1
logistic,100,5,ENTREZ_51364,ZMYND10
logistic,100,5,ENTREZ_79818,ZNF552
logistic,500,1,ENTREZ_90288,EFCAB12
logistic,500,1,ENTREZ_144568,A2ML1
logistic,500,1,ENTREZ_18,ABAT
logistic,500,1,ENTREZ_85320,ABCC11
logistic,500,1,ENTREZ_6833,ABCC8
logistic,500,1,ENTREZ_22885,ABLIM3
logistic,500,1,ENTREZ_36,ACADSB
logistic,500,1,ENTREZ_122970,ACOT4
logistic,500,1,ENTREZ_170689,ADAMTS15
logistic,500,1,ENTREZ_115,ADCY9
logistic,500,1,ENTREZ_3899,AFF3
logistic,500,1,ENTREZ_10551,AGR2
logistic,500,1,ENTREZ_155465,AGR3
logistic,500,1,ENTREZ_22977,AKR7A3
logistic,500,1,ENTREZ_262,AMD1
logistic,500,1,ENTREZ_276,AMY1A
logistic,500,1,ENTREZ_57763,ANKRA2
logistic,500,1,ENTREZ_91074,ANKRD30A
logistic,500,1,ENTREZ_338699,ANKRD42
logistic,500,1,ENTREZ_54443,ANLN
logistic,500,1,ENTREZ_8416,ANXA9
logistic,500,1,ENTREZ_323,APBB2
logistic,500,1,ENTREZ_83464,APH1B
logistic,500,1,ENTREZ_367,AR
logistic,500,1,ENTREZ_22901,ARSG
logistic,500,1,ENTREZ_419,ART3
logistic,500,1,ENTREZ_259266,ASPM
logistic,500,1,ENTREZ_64225,ATL2
logistic,500,1,ENTREZ_245973,ATP6V1C2
logistic,500,1,ENTREZ_540,ATP7B
logistic,500,1,ENTREZ_5205,ATP8B1
logistic,500,1,ENTREZ_6790,AURKA
logistic,500,1,ENTREZ_9212,AURKB
logistic,500,1,ENTREZ_84002,B3GNT5
logistic,500,1,ENTREZ_582,BBS1
logistic,500,1,ENTREZ_585,BBS4
logistic,500,1,ENTREZ_4059,BCAM
logistic,500,1,ENTREZ_8537,BCAS1
logistic,500,1,ENTREZ_53335,BCL11A
logistic,500,1,ENTREZ_596,BCL2
logistic,500,1,ENTREZ_332,BIRC5
logistic,500,1,ENTREZ_641,BLM
logistic,500,1,ENTREZ_671,BPI
logistic,500,1,ENTREZ_699,BUB1
logistic,500,1,ENTREZ_701,BUB1B
logistic,500,1,ENTREZ_119032,C10orf32
logistic,500,1,ENTREZ_254439,C11orf86
logistic,500,1,ENTREZ_254013,C12orf72
logistic,500,1,ENTREZ_161394,C14orf174
logistic,500,1,ENTREZ_80127,C14orf45
logistic,500,1,ENTREZ_90417,C15orf23
logistic,500,1,ENTREZ_90381,C15orf42
logistic,500,1,ENTREZ_56942,C16orf61
logistic,500,1,ENTREZ_283987,C17orf28
logistic,500,1,ENTREZ_352909,C19orf51
logistic,500,1,ENTREZ_79000,C1orf135
logistic,500,1,ENTREZ_149563,C1orf64
logistic,500,1,ENTREZ_338761,C1QL4
logistic,500,1,ENTREZ_26074,C20orf26
logistic,500,1,ENTREZ_343990,C2orf55
logistic,500,1,ENTREZ_720,C4A
logistic,500,1,ENTREZ_132720,C4orf32
logistic,500,1,ENTREZ_201895,C4orf34
logistic,500,1,ENTREZ_285600,C5orf36
logistic,500,1,ENTREZ_79624,C6orf211
logistic,500,1,ENTREZ_221718,C6orf218
logistic,500,1,ENTREZ_80129,C6orf97
logistic,500,1,ENTREZ_79846,C7orf63
logistic,500,1,ENTREZ_138162,C9orf116
logistic,500,1,ENTREZ_401546,C9orf152
logistic,500,1,ENTREZ_401535,C9orf170
logistic,500,1,ENTREZ_91283,C9orf30
logistic,500,1,ENTREZ_55071,C9orf40
logistic,500,1,ENTREZ_158067,C9orf98
logistic,500,1,ENTREZ_771,CA12
logistic,500,1,ENTREZ_776,CACNA1D
logistic,500,1,ENTREZ_9254,CACNA2D2
logistic,500,1,ENTREZ_79012,CAMKV
logistic,500,1,ENTREZ_92291,CAPN13
logistic,500,1,ENTREZ_388743,CAPN8
logistic,500,1,ENTREZ_55259,CASC1
logistic,500,1,ENTREZ_84733,CBX2
logistic,500,1,ENTREZ_388389,CCDC103
logistic,500,1,ENTREZ_202243,CCDC125
logistic,500,1,ENTREZ_79825,CCDC48
logistic,500,1,ENTREZ_257236,CCDC96
logistic,500,1,ENTREZ_887,CCKBR
logistic,500,1,ENTREZ_890,CCNA2
logistic,500,1,ENTREZ_9133,CCNB2
logistic,500,1,ENTREZ_898,CCNE1
logistic,500,1,ENTREZ_8872,CDC123
logistic,500,1,ENTREZ_991,CDC20
logistic,500,1,ENTREZ_993,CDC25A
logistic,500,1,ENTREZ_8318,CDC45
logistic,500,1,ENTREZ_157313,CDCA2
logistic,500,1,ENTREZ_83461,CDCA3
logistic,500,1,ENTREZ_113130,CDCA5
logistic,500,1,ENTREZ_83879,CDCA7
logistic,500,1,ENTREZ_55143,CDCA8
logistic,500,1,ENTREZ_983,CDK1
logistic,500,1,ENTREZ_8099,CDK2AP1
logistic,500,1,ENTREZ_1033,CDKN3
logistic,500,1,ENTREZ_1051,CEBPB
logistic,500,1,ENTREZ_9620,CELSR1
logistic,500,1,ENTREZ_1058,CENPA
logistic,500,1,ENTREZ_1062,CENPE
logistic,500,1,ENTREZ_55839,CENPN
logistic,500,1,ENTREZ_79172,CENPO
logistic,500,1,ENTREZ_387103,CENPW
logistic,500,1,ENTREZ_55165,CEP55
logistic,500,1,ENTREZ_1101,CHAD
logistic,500,1,ENTREZ_1111,CHEK1
logistic,500,1,ENTREZ_140578,CHODL
logistic,500,1,ENTREZ_1131,CHRM3
logistic,500,1,ENTREZ_9435,CHST2
logistic,500,1,ENTREZ_1153,CIRBP
logistic,500,1,ENTREZ_1163,CKS1B
logistic,500,1,ENTREZ_1183,CLCN4
logistic,500,1,ENTREZ_64084,CLSTN2
logistic,500,1,ENTREZ_134147,CMBL
logistic,500,1,ENTREZ_1258,CNGB1
logistic,500,1,ENTREZ_132864,CPEB2
logistic,500,1,ENTREZ_10815,CPLX1
logistic,500,1,ENTREZ_148327,CREB3L4
logistic,500,1,ENTREZ_1408,CRY2
logistic,500,1,ENTREZ_1410,CRYAB
logistic,500,1,ENTREZ_196993,CT62
logistic,500,1,ENTREZ_1503,CTPS
logistic,500,1,ENTREZ_1515,CTSL2
logistic,500,1,ENTREZ_6374,CXCL5
logistic,500,1,ENTREZ_100132994,CXorf49B
logistic,500,1,ENTREZ_203413,CXorf61
logistic,500,1,ENTREZ_51523,CXXC5
logistic,500,1,ENTREZ_1556,CYP2B7P1
logistic,500,1,ENTREZ_1580,CYP4B1
logistic,500,1,ENTREZ_163720,CYP4Z2P
logistic,500,1,ENTREZ_1602,DACH1
logistic,500,1,ENTREZ_55152,DALRD3
logistic,500,1,ENTREZ_10926,DBF4
logistic,500,1,ENTREZ_23109,DDN
logistic,500,1,ENTREZ_123099,DEGS2
logistic,500,1,ENTREZ_7913,DEK
logistic,500,1,ENTREZ_55635,DEPDC1
logistic,500,1,ENTREZ_55789,DEPDC1B
logistic,500,1,ENTREZ_1736,DKC1
logistic,500,1,ENTREZ_9787,DLGAP5
logistic,500,1,ENTREZ_1750,DLX6
logistic,500,1,ENTREZ_1761,DMRT1
logistic,500,1,ENTREZ_1767,DNAH5
logistic,500,1,ENTREZ_56171,DNAH7
logistic,500,1,ENTREZ_56521,DNAJC12
logistic,500,1,ENTREZ_83544,DNAL1
logistic,500,1,ENTREZ_7802,DNALI1
logistic,500,1,ENTREZ_1789,DNMT3B
logistic,500,1,ENTREZ_29980,DONSON
logistic,500,1,ENTREZ_79075,DSCC1
logistic,500,1,ENTREZ_83657,DYNLRB2
logistic,500,1,ENTREZ_1870,E2F2
logistic,500,1,ENTREZ_1871,E2F3
logistic,500,1,ENTREZ_9718,ECE2
logistic,500,1,ENTREZ_64800,EFCAB6
logistic,500,1,ENTREZ_2019,EN1
logistic,500,1,ENTREZ_2023,ENO1
logistic,500,1,ENTREZ_5167,ENPP1
logistic,500,1,ENTREZ_2066,ERBB4
logistic,500,1,ENTREZ_57222,ERGIC1
logistic,500,1,ENTREZ_2099,ESR1
logistic,500,1,ENTREZ_83850,ESYT3
logistic,500,1,ENTREZ_9156,EXO1
logistic,500,1,ENTREZ_54536,EXOC6
logistic,500,1,ENTREZ_2146,EZH2
logistic,500,1,ENTREZ_2155,F7
logistic,500,1,ENTREZ_139285,FAM123B
logistic,500,1,ENTREZ_84908,FAM136A
logistic,500,1,ENTREZ_221061,FAM171A1
logistic,500,1,ENTREZ_345757,FAM174A
logistic,500,1,ENTREZ_400451,FAM174B
logistic,500,1,ENTREZ_51313,FAM198B
logistic,500,1,ENTREZ_284467,FAM19A3
logistic,500,1,ENTREZ_100129583,FAM47E
logistic,500,1,ENTREZ_113115,FAM54A
logistic,500,1,ENTREZ_55793,FAM63A
logistic,500,1,ENTREZ_54478,FAM64A
logistic,500,1,ENTREZ_653820,FAM72B
logistic,500,1,ENTREZ_81610,FAM83D
logistic,500,1,ENTREZ_2175,FANCA
logistic,500,1,ENTREZ_2178,FANCE
logistic,500,1,ENTREZ_2203,FBP1
logistic,500,1,ENTREZ_26234,FBXL5
logistic,500,1,ENTREZ_130888,FBXO36
logistic,500,1,ENTREZ_55612,FERMT1
logistic,500,1,ENTREZ_89846,FGD3
logistic,500,1,ENTREZ_9982,FGFBP1
logistic,500,1,ENTREZ_399717,GATA3-AS1
logistic,500,1,ENTREZ_3169,FOXA1
logistic,500,1,ENTREZ_2296,FOXC1
logistic,500,1,ENTREZ_2305,FOXM1
logistic,500,1,ENTREZ_6624,FSCN1
logistic,500,1,ENTREZ_161835,FSIP1
logistic,500,1,ENTREZ_8326,FZD9
logistic,500,1,ENTREZ_9568,GABBR2
logistic,500,1,ENTREZ_2568,GABRP
logistic,500,1,ENTREZ_51083,GAL
logistic,500,1,ENTREZ_2593,GAMT
logistic,500,1,ENTREZ_2625,GATA3
logistic,500,1,ENTREZ_8200,GDF5
logistic,500,1,ENTREZ_2674,GFRA1
logistic,500,1,ENTREZ_2676,GFRA3
logistic,500,1,ENTREZ_54826,GIN1
logistic,500,1,ENTREZ_9837,GINS1
logistic,500,1,ENTREZ_2707,GJB3
logistic,500,1,ENTREZ_8833,GMPS
logistic,500,1,ENTREZ_2813,GP2
logistic,500,1,ENTREZ_26996,GPR160
logistic,500,1,ENTREZ_27202,GPR77
logistic,500,1,ENTREZ_27198,GPR81
logistic,500,1,ENTREZ_29899,GPSM2
logistic,500,1,ENTREZ_9687,GREB1
logistic,500,1,ENTREZ_2925,GRPR
logistic,500,1,ENTREZ_83903,GSG2
logistic,500,1,ENTREZ_23560,GTPBP4
logistic,500,1,ENTREZ_51512,GTSE1
logistic,500,1,ENTREZ_145864,HAPLN3
logistic,500,1,ENTREZ_55733,HHAT
logistic,500,1,ENTREZ_55355,HJURP
logistic,500,1,ENTREZ_3159,HMGA1
logistic,500,1,ENTREZ_84072,HORMAD1
logistic,500,1,ENTREZ_3263,HPX
logistic,500,1,ENTREZ_646962,HRCT1
logistic,500,1,ENTREZ_8739,HRK
logistic,500,1,ENTREZ_3475,IFRD1
logistic,500,1,ENTREZ_10644,IGF2BP2
logistic,500,1,ENTREZ_10643,IGF2BP3
logistic,500,1,ENTREZ_3483,IGFALS
logistic,500,1,ENTREZ_3487,IGFBP4
logistic,500,1,ENTREZ_3595,IL12RB2
logistic,500,1,ENTREZ_27160,INGX
logistic,500,1,ENTREZ_8821,INPP4B
logistic,500,1,ENTREZ_27124,INPP5J
logistic,500,1,ENTREZ_3712,IVD
logistic,500,1,ENTREZ_56888,KCMF1
logistic,500,1,ENTREZ_3755,KCNG1
logistic,500,1,ENTREZ_3767,KCNJ11
logistic,500,1,ENTREZ_60598,KCNK15
logistic,500,1,ENTREZ_8645,KCNK5
logistic,500,1,ENTREZ_9132,KCNQ4
logistic,500,1,ENTREZ_3787,KCNS1
logistic,500,1,ENTREZ_23030,KDM4B
logistic,500,1,ENTREZ_9933,KIAA0020
logistic,500,1,ENTREZ_9778,KIAA0232
logistic,500,1,ENTREZ_57535,KIAA1324
logistic,500,1,ENTREZ_56204,KIAA1370
logistic,500,1,ENTREZ_9928,KIF14
logistic,500,1,ENTREZ_81930,KIF18A
logistic,500,1,ENTREZ_146909,KIF18B
logistic,500,1,ENTREZ_10112,KIF20A
logistic,500,1,ENTREZ_9493,KIF23
logistic,500,1,ENTREZ_11004,KIF2C
logistic,500,1,ENTREZ_24137,KIF4A
logistic,500,1,ENTREZ_3833,KIFC1
logistic,500,1,ENTREZ_5653,KLK6
logistic,500,1,ENTREZ_3838,KPNA2
logistic,500,1,ENTREZ_3868,KRT16
logistic,500,1,ENTREZ_3857,KRT9
logistic,500,1,ENTREZ_91133,L3MBTL4
logistic,500,1,ENTREZ_9836,LCMT2
logistic,500,1,ENTREZ_3945,LDHB
logistic,500,1,ENTREZ_93273,LEMD1
logistic,500,1,ENTREZ_51474,LIMA1
logistic,500,1,ENTREZ_4010,LMX1B
logistic,500,1,ENTREZ_100130148,MAPT-IT1
logistic,500,1,ENTREZ_145837,DRAIC
logistic,500,1,ENTREZ_284578,MFSD4A-AS1
logistic,500,1,ENTREZ_84856,LINC00839
logistic,500,1,ENTREZ_164832,LONRF2
logistic,500,1,ENTREZ_23175,LPIN1
logistic,500,1,ENTREZ_7804,LRP8
logistic,500,1,ENTREZ_90506,LRRC46
logistic,500,1,ENTREZ_83450,LRRC48
logistic,500,1,ENTREZ_220074,LRTOMT
logistic,500,1,ENTREZ_8581,LY6D
logistic,500,1,ENTREZ_4085,MAD2L1
logistic,500,1,ENTREZ_4115,MAGEB4
logistic,500,1,ENTREZ_10916,MAGED2
logistic,500,1,ENTREZ_7786,MAP3K12
logistic,500,1,ENTREZ_5596,MAPK4
logistic,500,1,ENTREZ_4137,MAPT
logistic,500,1,ENTREZ_64087,MCCC2
logistic,500,1,ENTREZ_55388,MCM10
logistic,500,1,ENTREZ_4175,MCM6
logistic,500,1,ENTREZ_9833,MELK
logistic,500,1,ENTREZ_51072,MEMO1
logistic,500,1,ENTREZ_4241,MFI2
logistic,500,1,ENTREZ_81854,MGC3771
logistic,500,1,ENTREZ_8190,MIA
logistic,500,1,ENTREZ_85377,MICALL1
logistic,500,1,ENTREZ_79083,MLPH
logistic,500,1,ENTREZ_51678,MPP6
logistic,500,1,ENTREZ_10943,MSL3
logistic,500,1,ENTREZ_25902,MTHFD1L
logistic,500,1,ENTREZ_4602,MYB
logistic,500,1,ENTREZ_4605,MYBL2
logistic,500,1,ENTREZ_55930,MYO5C
logistic,500,1,ENTREZ_9,NAT1
logistic,500,1,ENTREZ_9918,NCAPD2
logistic,500,1,ENTREZ_64151,NCAPG
logistic,500,1,ENTREZ_23397,NCAPH
logistic,500,1,ENTREZ_8440,NCK2
logistic,500,1,ENTREZ_100188953,NCRNA00092
logistic,500,1,ENTREZ_378825,NCRNA00162
logistic,500,1,ENTREZ_10403,NDC80
logistic,500,1,ENTREZ_55247,NEIL3
logistic,500,1,ENTREZ_152110,NEK10
logistic,500,1,ENTREZ_115677,NOSTRIN
logistic,500,1,ENTREZ_7101,NR2E1
logistic,500,1,ENTREZ_64943,NT5DC2
logistic,500,1,ENTREZ_83594,NUDT12
logistic,500,1,ENTREZ_11164,NUDT5
logistic,500,1,ENTREZ_83540,NUF2
logistic,500,1,ENTREZ_9688,NUP93
logistic,500,1,ENTREZ_158046,NXNL2
logistic,500,1,ENTREZ_4948,OCA2
logistic,500,1,ENTREZ_11339,OIP5
logistic,500,1,ENTREZ_55301,OLAH
logistic,500,1,ENTREZ_4986,OPRK1
logistic,500,1,ENTREZ_4998,ORC1L
logistic,500,1,ENTREZ_23594,ORC6L
logistic,500,1,ENTREZ_54681,P4HTM
logistic,500,1,ENTREZ_55003,PAK1IP1
logistic,500,1,ENTREZ_390928,PAPL
logistic,500,1,ENTREZ_9061,PAPSS1
logistic,500,1,ENTREZ_126006,PCP2
logistic,500,1,ENTREZ_54760,PCSK4
logistic,500,1,ENTREZ_10130,PDIA6
logistic,500,1,ENTREZ_23590,PDSS1
logistic,500,1,ENTREZ_5241,PGR
logistic,500,1,ENTREZ_23338,PHF15
logistic,500,1,ENTREZ_26227,PHGDH
logistic,500,1,ENTREZ_5347,PLK1
logistic,500,1,ENTREZ_5351,PLOD1
logistic,500,1,ENTREZ_135293,PM20D2
logistic,500,1,ENTREZ_10721,POLQ
logistic,500,1,ENTREZ_10940,POP1
logistic,500,1,ENTREZ_5457,POU4F1
logistic,500,1,ENTREZ_5460,POU5F1
logistic,500,1,ENTREZ_81706,PPP1R14C
logistic,500,1,ENTREZ_9055,PRC1
logistic,500,1,ENTREZ_59336,PRDM13
logistic,500,1,ENTREZ_57580,PREX1
logistic,500,1,ENTREZ_5613,PRKX
logistic,500,1,ENTREZ_222171,PRR15
logistic,500,1,ENTREZ_285368,PRRT3
logistic,500,1,ENTREZ_260429,PRSS33
logistic,500,1,ENTREZ_29968,PSAT1
logistic,500,1,ENTREZ_8624,PSMG1
logistic,500,1,ENTREZ_11122,PTPRT
logistic,500,1,ENTREZ_9232,PTTG1
logistic,500,1,ENTREZ_5806,PTX3
logistic,500,1,ENTREZ_64284,RAB17
logistic,500,1,ENTREZ_9135,RABEP1
logistic,500,1,ENTREZ_5888,RAD51
logistic,500,1,ENTREZ_10635,RAD51AP1
logistic,500,1,ENTREZ_8438,RAD54L
logistic,500,1,ENTREZ_10742,RAI2
logistic,500,1,ENTREZ_253959,RALGAPA1
logistic,500,1,ENTREZ_55103,RALGPS2
logistic,500,1,ENTREZ_5902,RANBP1
logistic,500,1,ENTREZ_5914,RARA
logistic,500,1,ENTREZ_255426,RASGEF1C
logistic,500,1,ENTREZ_84991,RBM17
logistic,500,1,ENTREZ_54502,RBM47
logistic,500,1,ENTREZ_7905,REEP5
logistic,500,1,ENTREZ_92840,REEP6
logistic,500,1,ENTREZ_85004,RERG
logistic,500,1,ENTREZ_5984,RFC4
logistic,500,1,ENTREZ_56963,RGMA
logistic,500,1,ENTREZ_5995,RGR
logistic,500,1,ENTREZ_26166,RGS22
logistic,500,1,ENTREZ_51458,RHCG
logistic,500,1,ENTREZ_388,RHOB
logistic,500,1,ENTREZ_83732,RIOK1
logistic,500,1,ENTREZ_8767,RIPK2
logistic,500,1,ENTREZ_246243,RNASEH1
logistic,500,1,ENTREZ_27289,RND1
logistic,500,1,ENTREZ_7844,RNF103
logistic,500,1,ENTREZ_9025,RNF8
logistic,500,1,ENTREZ_54763,ROPN1
logistic,500,1,ENTREZ_152015,ROPN1B
logistic,500,1,ENTREZ_22934,RPIA
logistic,500,1,ENTREZ_6241,RRM2
logistic,500,1,ENTREZ_89765,RSPH1
logistic,500,1,ENTREZ_146923,RUNDC1
logistic,500,1,ENTREZ_374897,SBSN
logistic,500,1,ENTREZ_29970,SCHIP1
logistic,500,1,ENTREZ_6337,SCNN1A
logistic,500,1,ENTREZ_11341,SCRG1
logistic,500,1,ENTREZ_57758,SCUBE2
logistic,500,1,ENTREZ_51091,SEPSECS
logistic,500,1,ENTREZ_26135,SERBP1
logistic,500,1,ENTREZ_256394,SERPINA11
logistic,500,1,ENTREZ_6422,SFRP1
logistic,500,1,ENTREZ_135295,SFRS13B
logistic,500,1,ENTREZ_375035,SFT2D2
logistic,500,1,ENTREZ_151648,SGOL1
logistic,500,1,ENTREZ_79801,SHCBP1
logistic,500,1,ENTREZ_54847,SIDT1
logistic,500,1,ENTREZ_220134,SKA1
logistic,500,1,ENTREZ_221150,SKA3
logistic,500,1,ENTREZ_6500,SKP1
logistic,500,1,ENTREZ_6502,SKP2
logistic,500,1,ENTREZ_6564,SLC15A1
logistic,500,1,ENTREZ_9120,SLC16A6
logistic,500,1,ENTREZ_6584,SLC22A5
logistic,500,1,ENTREZ_115019,SLC26A9
logistic,500,1,ENTREZ_25800,SLC39A6
logistic,500,1,ENTREZ_80736,SLC44A4
logistic,500,1,ENTREZ_9498,SLC4A8
logistic,500,1,ENTREZ_6530,SLC6A2
logistic,500,1,ENTREZ_8140,SLC7A5
logistic,500,1,ENTREZ_23428,SLC7A8
logistic,500,1,ENTREZ_6664,SOX11
logistic,500,1,ENTREZ_25803,SPDEF
logistic,500,1,ENTREZ_25876,SPEF1
logistic,500,1,ENTREZ_79925,SPEF2
logistic,500,1,ENTREZ_6732,SRPK1
logistic,500,1,ENTREZ_6769,STAC
logistic,500,1,ENTREZ_10809,STARD10
logistic,500,1,ENTREZ_6491,STIL
logistic,500,1,ENTREZ_55351,STK32B
logistic,500,1,ENTREZ_11329,STK38
logistic,500,1,ENTREZ_3925,STMN1
logistic,500,1,ENTREZ_6821,SUOX
logistic,500,1,ENTREZ_203328,SUSD3
logistic,500,1,ENTREZ_79723,SUV39H2
logistic,500,1,ENTREZ_55638,SYBU
logistic,500,1,ENTREZ_143425,SYT9
logistic,500,1,ENTREZ_54843,SYTL2
logistic,500,1,ENTREZ_94121,SYTL4
logistic,500,1,ENTREZ_94122,SYTL5
logistic,500,1,ENTREZ_93624,TADA2B
logistic,500,1,ENTREZ_23158,TBC1D9
logistic,500,1,ENTREZ_9095,TBX19
logistic,500,1,ENTREZ_9338,TCEAL1
logistic,500,1,ENTREZ_6941,TCF19
logistic,500,1,ENTREZ_79600,TCTN1
logistic,500,1,ENTREZ_23371,TENC1
logistic,500,1,ENTREZ_54881,TEX10
logistic,500,1,ENTREZ_7031,TFF1
logistic,500,1,ENTREZ_7033,TFF3
logistic,500,1,ENTREZ_7043,TGFB3
logistic,500,1,ENTREZ_79875,THSD4
logistic,500,1,ENTREZ_166815,TIGD2
logistic,500,1,ENTREZ_7090,TLE3
logistic,500,1,ENTREZ_51643,TMBIM4
logistic,500,1,ENTREZ_7009,TMBIM6
logistic,500,1,ENTREZ_147798,TMC4
logistic,500,1,ENTREZ_79838,TMC5
logistic,500,1,ENTREZ_9911,TMCC2
logistic,500,1,ENTREZ_55314,TMEM144
logistic,500,1,ENTREZ_84866,TMEM25
logistic,500,1,ENTREZ_55116,TMEM39B
logistic,500,1,ENTREZ_120224,TMEM45B
logistic,500,1,ENTREZ_57156,TMEM63C
logistic,500,1,ENTREZ_27324,TOX3
logistic,500,1,ENTREZ_285386,TPRG1
logistic,500,1,ENTREZ_22974,TPX2
logistic,500,1,ENTREZ_10612,TRIM3
logistic,500,1,ENTREZ_9319,TRIP13
logistic,500,1,ENTREZ_10103,TSPAN1
logistic,500,1,ENTREZ_27075,TSPAN13
logistic,500,1,ENTREZ_143941,TTC36
logistic,500,1,ENTREZ_22996,TTC39A
logistic,500,1,ENTREZ_123016,TTC8
logistic,500,1,ENTREZ_7272,TTK
logistic,500,1,ENTREZ_9654,TTLL4
logistic,500,1,ENTREZ_84790,TUBA1C
logistic,500,1,ENTREZ_203068,TUBB
logistic,500,1,ENTREZ_11065,UBE2C
logistic,500,1,ENTREZ_29089,UBE2T
logistic,500,1,ENTREZ_127733,UBXN10
logistic,500,1,ENTREZ_165324,UBXN2A
logistic,500,1,ENTREZ_7371,UCK2
logistic,500,1,ENTREZ_7368,UGT8
logistic,500,1,ENTREZ_10451,VAV3
logistic,500,1,ENTREZ_51442,VGLL1
logistic,500,1,ENTREZ_57728,WDR19
logistic,500,1,ENTREZ_7466,WFS1
logistic,500,1,ENTREZ_7475,WNT6
logistic,500,1,ENTREZ_11059,WWP1
logistic,500,1,ENTREZ_7494,XBP1
logistic,500,1,ENTREZ_57510,XPO5
logistic,500,1,ENTREZ_4904,YBX1
logistic,500,1,ENTREZ_55689,YEATS2
logistic,500,1,ENTREZ_100128927,ZBTB42
logistic,500,1,ENTREZ_124220,ZG16B
logistic,500,1,ENTREZ_51364,ZMYND10
logistic,500,1,ENTREZ_252884,ZNF396
logistic,500,1,ENTREZ_79818,ZNF552
logistic,500,1,ENTREZ_57116,ZNF695
logistic,500,1,ENTREZ_80139,ZNF703
logistic,500,2,ENTREZ_90288,EFCAB12
logistic,500,2,ENTREZ_144568,A2ML1
logistic,500,2,ENTREZ_18,ABAT
logistic,500,2,ENTREZ_85320,ABCC11
logistic,500,2,ENTREZ_6833,ABCC8
logistic,500,2,ENTREZ_22885,ABLIM3
logistic,500,2,ENTREZ_36,ACADSB
logistic,500,2,ENTREZ_122970,ACOT4
logistic,500,2,ENTREZ_170689,ADAMTS15
logistic,500,2,ENTREZ_3899,AFF3
logistic,500,2,ENTREZ_10551,AGR2
logistic,500,2,ENTREZ_155465,AGR3
logistic,500,2,ENTREZ_22977,AKR7A3
logistic,500,2,ENTREZ_262,AMD1
logistic,500,2,ENTREZ_276,AMY1A
logistic,500,2,ENTREZ_57763,ANKRA2
logistic,500,2,ENTREZ_91074,ANKRD30A
logistic,500,2,ENTREZ_374860,ANKRD30B
logistic,500,2,ENTREZ_54443,ANLN
logistic,500,2,ENTREZ_8416,ANXA9
logistic,500,2,ENTREZ_323,APBB2
logistic,500,2,ENTREZ_83464,APH1B
logistic,500,2,ENTREZ_367,AR
logistic,500,2,ENTREZ_22901,ARSG
logistic,500,2,ENTREZ_419,ART3
logistic,500,2,ENTREZ_64225,ATL2
logistic,500,2,ENTREZ_245973,ATP6V1C2
logistic,500,2,ENTREZ_540,ATP7B
logistic,500,2,ENTREZ_5205,ATP8B1
logistic,500,2,ENTREZ_6790,AURKA
logistic,500,2,ENTREZ_9212,AURKB
logistic,500,2,ENTREZ_84002,B3GNT5
logistic,500,2,ENTREZ_582,BBS1
logistic,500,2,ENTREZ_585,BBS4
logistic,500,2,ENTREZ_4059,BCAM
logistic,500,2,ENTREZ_8537,BCAS1
logistic,500,2,ENTREZ_53335,BCL11A
logistic,500,2,ENTREZ_596,BCL2
logistic,500,2,ENTREZ_332,BIRC5
logistic,500,2,ENTREZ_641,BLM
logistic,500,2,ENTREZ_671,BPI
logistic,500,2,ENTREZ_10950,BTG3
logistic,500,2,ENTREZ_699,BUB1
logistic,500,2,ENTREZ_54838,C10orf26
logistic,500,2,ENTREZ_119032,C10orf32
logistic,500,2,ENTREZ_56935,C11orf75
logistic,500,2,ENTREZ_254439,C11orf86
logistic,500,2,ENTREZ_254013,C12orf72
logistic,500,2,ENTREZ_161394,C14orf174
logistic,500,2,ENTREZ_80127,C14orf45
logistic,500,2,ENTREZ_90417,C15orf23
logistic,500,2,ENTREZ_90381,C15orf42
logistic,500,2,ENTREZ_56942,C16orf61
logistic,500,2,ENTREZ_283987,C17orf28
logistic,500,2,ENTREZ_352909,C19orf51
logistic,500,2,ENTREZ_79000,C1orf135
logistic,500,2,ENTREZ_149563,C1orf64
logistic,500,2,ENTREZ_338761,C1QL4
logistic,500,2,ENTREZ_26074,C20orf26
logistic,500,2,ENTREZ_343990,C2orf55
logistic,500,2,ENTREZ_132720,C4orf32
logistic,500,2,ENTREZ_201895,C4orf34
logistic,500,2,ENTREZ_285600,C5orf36
logistic,500,2,ENTREZ_79624,C6orf211
logistic,500,2,ENTREZ_221718,C6orf218
logistic,500,2,ENTREZ_80129,C6orf97
logistic,500,2,ENTREZ_79846,C7orf63
logistic,500,2,ENTREZ_138162,C9orf116
logistic,500,2,ENTREZ_401546,C9orf152
logistic,500,2,ENTREZ_401535,C9orf170
logistic,500,2,ENTREZ_55071,C9orf40
logistic,500,2,ENTREZ_158067,C9orf98
logistic,500,2,ENTREZ_771,CA12
logistic,500,2,ENTREZ_776,CACNA1D
logistic,500,2,ENTREZ_9254,CACNA2D2
logistic,500,2,ENTREZ_79012,CAMKV
logistic,500,2,ENTREZ_92291,CAPN13
logistic,500,2,ENTREZ_388743,CAPN8
logistic,500,2,ENTREZ_55259,CASC1
logistic,500,2,ENTREZ_202243,CCDC125
logistic,500,2,ENTREZ_79825,CCDC48
logistic,500,2,ENTREZ_257236,CCDC96
logistic,500,2,ENTREZ_887,CCKBR
logistic,500,2,ENTREZ_890,CCNA2
logistic,500,2,ENTREZ_9133,CCNB2
logistic,500,2,ENTREZ_898,CCNE1
logistic,500,2,ENTREZ_8872,CDC123
logistic,500,2,ENTREZ_991,CDC20
logistic,500,2,ENTREZ_993,CDC25A
logistic,500,2,ENTREZ_8318,CDC45
logistic,500,2,ENTREZ_157313,CDCA2
logistic,500,2,ENTREZ_83461,CDCA3
logistic,500,2,ENTREZ_113130,CDCA5
logistic,500,2,ENTREZ_83879,CDCA7
logistic,500,2,ENTREZ_55143,CDCA8
logistic,500,2,ENTREZ_983,CDK1
logistic,500,2,ENTREZ_8099,CDK2AP1
logistic,500,2,ENTREZ_9620,CELSR1
logistic,500,2,ENTREZ_1058,CENPA
logistic,500,2,ENTREZ_55839,CENPN
logistic,500,2,ENTREZ_79172,CENPO
logistic,500,2,ENTREZ_387103,CENPW
logistic,500,2,ENTREZ_55165,CEP55
logistic,500,2,ENTREZ_1101,CHAD
logistic,500,2,ENTREZ_1111,CHEK1
logistic,500,2,ENTREZ_140578,CHODL
logistic,500,2,ENTREZ_9435,CHST2
logistic,500,2,ENTREZ_1153,CIRBP
logistic,500,2,ENTREZ_1163,CKS1B
logistic,500,2,ENTREZ_1183,CLCN4
logistic,500,2,ENTREZ_64084,CLSTN2
logistic,500,2,ENTREZ_134147,CMBL
logistic,500,2,ENTREZ_10229,COQ7
logistic,500,2,ENTREZ_1359,CPA3
logistic,500,2,ENTREZ_132864,CPEB2
logistic,500,2,ENTREZ_148327,CREB3L4
logistic,500,2,ENTREZ_1408,CRY2
logistic,500,2,ENTREZ_1410,CRYAB
logistic,500,2,ENTREZ_196993,CT62
logistic,500,2,ENTREZ_1503,CTPS
logistic,500,2,ENTREZ_6374,CXCL5
logistic,500,2,ENTREZ_100132994,CXorf49B
logistic,500,2,ENTREZ_203413,CXorf61
logistic,500,2,ENTREZ_51523,CXXC5
logistic,500,2,ENTREZ_339761,CYP27C1
logistic,500,2,ENTREZ_1556,CYP2B7P1
logistic,500,2,ENTREZ_163720,CYP4Z2P
logistic,500,2,ENTREZ_1602,DACH1
logistic,500,2,ENTREZ_10926,DBF4
logistic,500,2,ENTREZ_23109,DDN
logistic,500,2,ENTREZ_123099,DEGS2
logistic,500,2,ENTREZ_7913,DEK
logistic,500,2,ENTREZ_55635,DEPDC1
logistic,500,2,ENTREZ_1736,DKC1
logistic,500,2,ENTREZ_9787,DLGAP5
logistic,500,2,ENTREZ_1750,DLX6
logistic,500,2,ENTREZ_285987,DLX6-AS1
logistic,500,2,ENTREZ_1761,DMRT1
logistic,500,2,ENTREZ_1767,DNAH5
logistic,500,2,ENTREZ_56171,DNAH7
logistic,500,2,ENTREZ_56521,DNAJC12
logistic,500,2,ENTREZ_27000,DNAJC2
logistic,500,2,ENTREZ_83544,DNAL1
logistic,500,2,ENTREZ_7802,DNALI1
logistic,500,2,ENTREZ_29980,DONSON
logistic,500,2,ENTREZ_79075,DSCC1
logistic,500,2,ENTREZ_83657,DYNLRB2
logistic,500,2,ENTREZ_1870,E2F2
logistic,500,2,ENTREZ_9718,ECE2
logistic,500,2,ENTREZ_64800,EFCAB6
logistic,500,2,ENTREZ_2019,EN1
logistic,500,2,ENTREZ_2023,ENO1
logistic,500,2,ENTREZ_5167,ENPP1
logistic,500,2,ENTREZ_2066,ERBB4
logistic,500,2,ENTREZ_57222,ERGIC1
logistic,500,2,ENTREZ_2099,ESR1
logistic,500,2,ENTREZ_83850,ESYT3
logistic,500,2,ENTREZ_51466,EVL
logistic,500,2,ENTREZ_9156,EXO1
logistic,500,2,ENTREZ_54536,EXOC6
logistic,500,2,ENTREZ_2146,EZH2
logistic,500,2,ENTREZ_2155,F7
logistic,500,2,ENTREZ_11124,FAF1
logistic,500,2,ENTREZ_139285,FAM123B
logistic,500,2,ENTREZ_84908,FAM136A
logistic,500,2,ENTREZ_221061,FAM171A1
logistic,500,2,ENTREZ_345757,FAM174A
logistic,500,2,ENTREZ_400451,FAM174B
logistic,500,2,ENTREZ_51313,FAM198B
logistic,500,2,ENTREZ_284467,FAM19A3
logistic,500,2,ENTREZ_100129583,FAM47E
logistic,500,2,ENTREZ_113115,FAM54A
logistic,500,2,ENTREZ_55793,FAM63A
logistic,500,2,ENTREZ_54478,FAM64A
logistic,500,2,ENTREZ_653820,FAM72B
logistic,500,2,ENTREZ_81610,FAM83D
logistic,500,2,ENTREZ_2175,FANCA
logistic,500,2,ENTREZ_2187,FANCB
logistic,500,2,ENTREZ_2178,FANCE
logistic,500,2,ENTREZ_2203,FBP1
logistic,500,2,ENTREZ_26234,FBXL5
logistic,500,2,ENTREZ_130888,FBXO36
logistic,500,2,ENTREZ_55612,FERMT1
logistic,500,2,ENTREZ_9982,FGFBP1
logistic,500,2,ENTREZ_399717,GATA3-AS1
logistic,500,2,ENTREZ_3169,FOXA1
logistic,500,2,ENTREZ_2296,FOXC1
logistic,500,2,ENTREZ_2305,FOXM1
logistic,500,2,ENTREZ_6624,FSCN1
logistic,500,2,ENTREZ_161835,FSIP1
logistic,500,2,ENTREZ_8326,FZD9
logistic,500,2,ENTREZ_9568,GABBR2
logistic,500,2,ENTREZ_2568,GABRP
logistic,500,2,ENTREZ_51083,GAL
logistic,500,2,ENTREZ_55568,GALNT10
logistic,500,2,ENTREZ_51809,GALNT7
logistic,500,2,ENTREZ_2593,GAMT
logistic,500,2,ENTREZ_2625,GATA3
logistic,500,2,ENTREZ_8200,GDF5
logistic,500,2,ENTREZ_2674,GFRA1
logistic,500,2,ENTREZ_2676,GFRA3
logistic,500,2,ENTREZ_54826,GIN1
logistic,500,2,ENTREZ_9837,GINS1
logistic,500,2,ENTREZ_2707,GJB3
logistic,500,2,ENTREZ_8833,GMPS
logistic,500,2,ENTREZ_2813,GP2
logistic,500,2,ENTREZ_23171,GPD1L
logistic,500,2,ENTREZ_11321,GPN1
logistic,500,2,ENTREZ_26996,GPR160
logistic,500,2,ENTREZ_27202,GPR77
logistic,500,2,ENTREZ_27198,GPR81
logistic,500,2,ENTREZ_9687,GREB1
logistic,500,2,ENTREZ_2925,GRPR
logistic,500,2,ENTREZ_83903,GSG2
logistic,500,2,ENTREZ_23560,GTPBP4
logistic,500,2,ENTREZ_51512,GTSE1
logistic,500,2,ENTREZ_145864,HAPLN3
logistic,500,2,ENTREZ_55733,HHAT
logistic,500,2,ENTREZ_55355,HJURP
logistic,500,2,ENTREZ_3159,HMGA1
logistic,500,2,ENTREZ_84072,HORMAD1
logistic,500,2,ENTREZ_646962,HRCT1
logistic,500,2,ENTREZ_8739,HRK
logistic,500,2,ENTREZ_3475,IFRD1
logistic,500,2,ENTREZ_3480,IGF1R
logistic,500,2,ENTREZ_10644,IGF2BP2
logistic,500,2,ENTREZ_10643,IGF2BP3
logistic,500,2,ENTREZ_3595,IL12RB2
logistic,500,2,ENTREZ_146433,IL34
logistic,500,2,ENTREZ_27160,INGX
logistic,500,2,ENTREZ_8821,INPP4B
logistic,500,2,ENTREZ_27124,INPP5J
logistic,500,2,ENTREZ_3712,IVD
logistic,500,2,ENTREZ_56888,KCMF1
logistic,500,2,ENTREZ_3755,KCNG1
logistic,500,2,ENTREZ_3767,KCNJ11
logistic,500,2,ENTREZ_60598,KCNK15
logistic,500,2,ENTREZ_8645,KCNK5
logistic,500,2,ENTREZ_9132,KCNQ4
logistic,500,2,ENTREZ_3787,KCNS1
logistic,500,2,ENTREZ_23030,KDM4B
logistic,500,2,ENTREZ_9933,KIAA0020
logistic,500,2,ENTREZ_9674,KIAA0040
logistic,500,2,ENTREZ_9778,KIAA0232
logistic,500,2,ENTREZ_57535,KIAA1324
logistic,500,2,ENTREZ_56204,KIAA1370
logistic,500,2,ENTREZ_81930,KIF18A
logistic,500,2,ENTREZ_146909,KIF18B
logistic,500,2,ENTREZ_11004,KIF2C
logistic,500,2,ENTREZ_24137,KIF4A
logistic,500,2,ENTREZ_3833,KIFC1
logistic,500,2,ENTREZ_122773,KLHDC1
logistic,500,2,ENTREZ_3868,KRT16
logistic,500,2,ENTREZ_3875,KRT18
logistic,500,2,ENTREZ_3857,KRT9
logistic,500,2,ENTREZ_91133,L3MBTL4
logistic,500,2,ENTREZ_9836,LCMT2
logistic,500,2,ENTREZ_3945,LDHB
logistic,500,2,ENTREZ_93273,LEMD1
logistic,500,2,ENTREZ_51474,LIMA1
logistic,500,2,ENTREZ_4010,LMX1B
logistic,500,2,ENTREZ_100130148,MAPT-IT1
logistic,500,2,ENTREZ_145837,DRAIC
logistic,500,2,ENTREZ_284578,MFSD4A-AS1
logistic,500,2,ENTREZ_84856,LINC00839
logistic,500,2,ENTREZ_164832,LONRF2
logistic,500,2,ENTREZ_23175,LPIN1
logistic,500,2,ENTREZ_26018,LRIG1
logistic,500,2,ENTREZ_7804,LRP8
logistic,500,2,ENTREZ_90506,LRRC46
logistic,500,2,ENTREZ_83450,LRRC48
logistic,500,2,ENTREZ_123872,LRRC50
logistic,500,2,ENTREZ_220074,LRTOMT
logistic,500,2,ENTREZ_4085,MAD2L1
logistic,500,2,ENTREZ_4115,MAGEB4
logistic,500,2,ENTREZ_10916,MAGED2
logistic,500,2,ENTREZ_4116,MAGOH
logistic,500,2,ENTREZ_23324,MAN2B2
logistic,500,2,ENTREZ_7786,MAP3K12
logistic,500,2,ENTREZ_5596,MAPK4
logistic,500,2,ENTREZ_4137,MAPT
logistic,500,2,ENTREZ_8785,MATN4
logistic,500,2,ENTREZ_64087,MCCC2
logistic,500,2,ENTREZ_55388,MCM10
logistic,500,2,ENTREZ_4175,MCM6
logistic,500,2,ENTREZ_4176,MCM7
logistic,500,2,ENTREZ_9833,MELK
logistic,500,2,ENTREZ_51072,MEMO1
logistic,500,2,ENTREZ_4241,MFI2
logistic,500,2,ENTREZ_8190,MIA
logistic,500,2,ENTREZ_85377,MICALL1
logistic,500,2,ENTREZ_57496,MKL2
logistic,500,2,ENTREZ_79083,MLPH
logistic,500,2,ENTREZ_51678,MPP6
logistic,500,2,ENTREZ_10232,MSLN
logistic,500,2,ENTREZ_25902,MTHFD1L
logistic,500,2,ENTREZ_4602,MYB
logistic,500,2,ENTREZ_4605,MYBL2
logistic,500,2,ENTREZ_55930,MYO5C
logistic,500,2,ENTREZ_25924,MYRIP
logistic,500,2,ENTREZ_9,NAT1
logistic,500,2,ENTREZ_9918,NCAPD2
logistic,500,2,ENTREZ_64151,NCAPG
logistic,500,2,ENTREZ_23397,NCAPH
logistic,500,2,ENTREZ_8440,NCK2
logistic,500,2,ENTREZ_100188953,NCRNA00092
logistic,500,2,ENTREZ_378825,NCRNA00162
logistic,500,2,ENTREZ_10403,NDC80
logistic,500,2,ENTREZ_29078,NDUFAF4
logistic,500,2,ENTREZ_152110,NEK10
logistic,500,2,ENTREZ_91754,NEK9
logistic,500,2,ENTREZ_115677,NOSTRIN
logistic,500,2,ENTREZ_10361,NPM2
logistic,500,2,ENTREZ_7101,NR2E1
logistic,500,2,ENTREZ_83594,NUDT12
logistic,500,2,ENTREZ_83540,NUF2
logistic,500,2,ENTREZ_9688,NUP93
logistic,500,2,ENTREZ_158046,NXNL2
logistic,500,2,ENTREZ_4948,OCA2
logistic,500,2,ENTREZ_11339,OIP5
logistic,500,2,ENTREZ_55301,OLAH
logistic,500,2,ENTREZ_4986,OPRK1
logistic,500,2,ENTREZ_4998,ORC1L
logistic,500,2,ENTREZ_23594,ORC6L
logistic,500,2,ENTREZ_54681,P4HTM
logistic,500,2,ENTREZ_55003,PAK1IP1
logistic,500,2,ENTREZ_9061,PAPSS1
logistic,500,2,ENTREZ_126006,PCP2
logistic,500,2,ENTREZ_54760,PCSK4
logistic,500,2,ENTREZ_9141,PDCD5
logistic,500,2,ENTREZ_10130,PDIA6
logistic,500,2,ENTREZ_23590,PDSS1
logistic,500,2,ENTREZ_54858,PGPEP1
logistic,500,2,ENTREZ_5241,PGR
logistic,500,2,ENTREZ_5347,PLK1
logistic,500,2,ENTREZ_5351,PLOD1
logistic,500,2,ENTREZ_135293,PM20D2
logistic,500,2,ENTREZ_10721,POLQ
logistic,500,2,ENTREZ_64425,POLR1E
logistic,500,2,ENTREZ_5457,POU4F1
logistic,500,2,ENTREZ_5460,POU5F1
logistic,500,2,ENTREZ_81706,PPP1R14C
logistic,500,2,ENTREZ_59336,PRDM13
logistic,500,2,ENTREZ_57580,PREX1
logistic,500,2,ENTREZ_5613,PRKX
logistic,500,2,ENTREZ_222171,PRR15
logistic,500,2,ENTREZ_285368,PRRT3
logistic,500,2,ENTREZ_260429,PRSS33
logistic,500,2,ENTREZ_29968,PSAT1
logistic,500,2,ENTREZ_5690,PSMB2
logistic,500,2,ENTREZ_11122,PTPRT
logistic,500,2,ENTREZ_9232,PTTG1
logistic,500,2,ENTREZ_5806,PTX3
logistic,500,2,ENTREZ_5817,PVR
logistic,500,2,ENTREZ_64284,RAB17
logistic,500,2,ENTREZ_9135,RABEP1
logistic,500,2,ENTREZ_5888,RAD51
logistic,500,2,ENTREZ_10635,RAD51AP1
logistic,500,2,ENTREZ_8438,RAD54L
logistic,500,2,ENTREZ_154064,RAET1L
logistic,500,2,ENTREZ_10742,RAI2
logistic,500,2,ENTREZ_253959,RALGAPA1
logistic,500,2,ENTREZ_55103,RALGPS2
logistic,500,2,ENTREZ_5902,RANBP1
logistic,500,2,ENTREZ_5914,RARA
logistic,500,2,ENTREZ_5918,RARRES1
logistic,500,2,ENTREZ_255426,RASGEF1C
logistic,500,2,ENTREZ_84991,RBM17
logistic,500,2,ENTREZ_55131,RBM28
logistic,500,2,ENTREZ_54502,RBM47
logistic,500,2,ENTREZ_65055,REEP1
logistic,500,2,ENTREZ_7905,REEP5
logistic,500,2,ENTREZ_92840,REEP6
logistic,500,2,ENTREZ_85004,RERG
logistic,500,2,ENTREZ_5984,RFC4
logistic,500,2,ENTREZ_56963,RGMA
logistic,500,2,ENTREZ_5995,RGR
logistic,500,2,ENTREZ_8601,RGS20
logistic,500,2,ENTREZ_26166,RGS22
logistic,500,2,ENTREZ_51458,RHCG
logistic,500,2,ENTREZ_6009,RHEB
logistic,500,2,ENTREZ_388,RHOB
logistic,500,2,ENTREZ_83732,RIOK1
logistic,500,2,ENTREZ_8767,RIPK2
logistic,500,2,ENTREZ_6017,RLBP1
logistic,500,2,ENTREZ_246243,RNASEH1
logistic,500,2,ENTREZ_27289,RND1
logistic,500,2,ENTREZ_7844,RNF103
logistic,500,2,ENTREZ_9025,RNF8
logistic,500,2,ENTREZ_54763,ROPN1
logistic,500,2,ENTREZ_152015,ROPN1B
logistic,500,2,ENTREZ_9501,RPH3AL
logistic,500,2,ENTREZ_22934,RPIA
logistic,500,2,ENTREZ_146923,RUNDC1
logistic,500,2,ENTREZ_374897,SBSN
logistic,500,2,ENTREZ_6337,SCNN1A
logistic,500,2,ENTREZ_57758,SCUBE2
logistic,500,2,ENTREZ_9919,SEC16A
logistic,500,2,ENTREZ_51091,SEPSECS
logistic,500,2,ENTREZ_26135,SERBP1
logistic,500,2,ENTREZ_256394,SERPINA11
logistic,500,2,ENTREZ_6422,SFRP1
logistic,500,2,ENTREZ_135295,SFRS13B
logistic,500,2,ENTREZ_375035,SFT2D2
logistic,500,2,ENTREZ_151648,SGOL1
logistic,500,2,ENTREZ_79801,SHCBP1
logistic,500,2,ENTREZ_54847,SIDT1
logistic,500,2,ENTREZ_220134,SKA1
logistic,500,2,ENTREZ_221150,SKA3
logistic,500,2,ENTREZ_6500,SKP1
logistic,500,2,ENTREZ_6564,SLC15A1
logistic,500,2,ENTREZ_9120,SLC16A6
logistic,500,2,ENTREZ_6584,SLC22A5
logistic,500,2,ENTREZ_115019,SLC26A9
logistic,500,2,ENTREZ_25800,SLC39A6
logistic,500,2,ENTREZ_29015,SLC43A3
logistic,500,2,ENTREZ_80736,SLC44A4
logistic,500,2,ENTREZ_9498,SLC4A8
logistic,500,2,ENTREZ_6530,SLC6A2
logistic,500,2,ENTREZ_8140,SLC7A5
logistic,500,2,ENTREZ_23428,SLC7A8
logistic,500,2,ENTREZ_6664,SOX11
logistic,500,2,ENTREZ_25803,SPDEF
logistic,500,2,ENTREZ_25876,SPEF1
logistic,500,2,ENTREZ_79925,SPEF2
logistic,500,2,ENTREZ_6732,SRPK1
logistic,500,2,ENTREZ_6769,STAC
logistic,500,2,ENTREZ_6491,STIL
logistic,500,2,ENTREZ_55351,STK32B
logistic,500,2,ENTREZ_11329,STK38
logistic,500,2,ENTREZ_6821,SUOX
logistic,500,2,ENTREZ_203328,SUSD3
logistic,500,2,ENTREZ_79723,SUV39H2
logistic,500,2,ENTREZ_55638,SYBU
logistic,500,2,ENTREZ_143425,SYT9
logistic,500,2,ENTREZ_54843,SYTL2
logistic,500,2,ENTREZ_94121,SYTL4
logistic,500,2,ENTREZ_94122,SYTL5
logistic,500,2,ENTREZ_93624,TADA2B
logistic,500,2,ENTREZ_23158,TBC1D9
logistic,500,2,ENTREZ_9095,TBX19
logistic,500,2,ENTREZ_9338,TCEAL1
logistic,500,2,ENTREZ_6941,TCF19
logistic,500,2,ENTREZ_83439,TCF7L1
logistic,500,2,ENTREZ_23371,TENC1
logistic,500,2,ENTREZ_54881,TEX10
logistic,500,2,ENTREZ_7031,TFF1
logistic,500,2,ENTREZ_7033,TFF3
logistic,500,2,ENTREZ_79875,THSD4
logistic,500,2,ENTREZ_166815,TIGD2
logistic,500,2,ENTREZ_7090,TLE3
logistic,500,2,ENTREZ_51643,TMBIM4
logistic,500,2,ENTREZ_7009,TMBIM6
logistic,500,2,ENTREZ_79838,TMC5
logistic,500,2,ENTREZ_9911,TMCC2
logistic,500,2,ENTREZ_55314,TMEM144
logistic,500,2,ENTREZ_84866,TMEM25
logistic,500,2,ENTREZ_55116,TMEM39B
logistic,500,2,ENTREZ_57156,TMEM63C
logistic,500,2,ENTREZ_27324,TOX3
logistic,500,2,ENTREZ_285386,TPRG1
logistic,500,2,ENTREZ_22974,TPX2
logistic,500,2,ENTREZ_10612,TRIM3
logistic,500,2,ENTREZ_9319,TRIP13
logistic,500,2,ENTREZ_1831,TSC22D3
logistic,500,2,ENTREZ_10103,TSPAN1
logistic,500,2,ENTREZ_27075,TSPAN13
logistic,500,2,ENTREZ_143941,TTC36
logistic,500,2,ENTREZ_22996,TTC39A
logistic,500,2,ENTREZ_123016,TTC8
logistic,500,2,ENTREZ_7272,TTK
logistic,500,2,ENTREZ_9654,TTLL4
logistic,500,2,ENTREZ_57348,TTYH1
logistic,500,2,ENTREZ_84790,TUBA1C
logistic,500,2,ENTREZ_203068,TUBB
logistic,500,2,ENTREZ_11065,UBE2C
logistic,500,2,ENTREZ_29089,UBE2T
logistic,500,2,ENTREZ_127733,UBXN10
logistic,500,2,ENTREZ_165324,UBXN2A
logistic,500,2,ENTREZ_7371,UCK2
logistic,500,2,ENTREZ_7368,UGT8
logistic,500,2,ENTREZ_7388,UQCRH
logistic,500,2,ENTREZ_10451,VAV3
logistic,500,2,ENTREZ_51442,VGLL1
logistic,500,2,ENTREZ_57728,WDR19
logistic,500,2,ENTREZ_7466,WFS1
logistic,500,2,ENTREZ_7475,WNT6
logistic,500,2,ENTREZ_11059,WWP1
logistic,500,2,ENTREZ_7494,XBP1
logistic,500,2,ENTREZ_57510,XPO5
logistic,500,2,ENTREZ_4904,YBX1
logistic,500,2,ENTREZ_55689,YEATS2
logistic,500,2,ENTREZ_100128927,ZBTB42
logistic,500,2,ENTREZ_124220,ZG16B
logistic,500,2,ENTREZ_7545,ZIC1
logistic,500,2,ENTREZ_51364,ZMYND10
logistic,500,2,ENTREZ_252884,ZNF396
logistic,500,2,ENTREZ_79818,ZNF552
logistic,500,2,ENTREZ_57116,ZNF695
logistic,500,2,ENTREZ_80139,ZNF703
logistic,500,3,ENTREZ_90288,EFCAB12
logistic,500,3,ENTREZ_144568,A2ML1
logistic,500,3,ENTREZ_18,ABAT
logistic,500,3,ENTREZ_154664,ABCA13
logistic,500,3,ENTREZ_85320,ABCC11
logistic,500,3,ENTREZ_6833,ABCC8
logistic,500,3,ENTREZ_22885,ABLIM3
logistic,500,3,ENTREZ_36,ACADSB
logistic,500,3,ENTREZ_59272,ACE2
logistic,500,3,ENTREZ_122970,ACOT4
logistic,500,3,ENTREZ_170689,ADAMTS15
logistic,500,3,ENTREZ_115,ADCY9
logistic,500,3,ENTREZ_3899,AFF3
logistic,500,3,ENTREZ_10551,AGR2
logistic,500,3,ENTREZ_155465,AGR3
logistic,500,3,ENTREZ_22977,AKR7A3
logistic,500,3,ENTREZ_262,AMD1
logistic,500,3,ENTREZ_276,AMY1A
logistic,500,3,ENTREZ_57763,ANKRA2
logistic,500,3,ENTREZ_91074,ANKRD30A
logistic,500,3,ENTREZ_54443,ANLN
logistic,500,3,ENTREZ_81611,ANP32E
logistic,500,3,ENTREZ_8416,ANXA9
logistic,500,3,ENTREZ_323,APBB2
logistic,500,3,ENTREZ_83464,APH1B
logistic,500,3,ENTREZ_367,AR
logistic,500,3,ENTREZ_9824,ARHGAP11A
logistic,500,3,ENTREZ_22901,ARSG
logistic,500,3,ENTREZ_419,ART3
logistic,500,3,ENTREZ_259266,ASPM
logistic,500,3,ENTREZ_64225,ATL2
logistic,500,3,ENTREZ_245973,ATP6V1C2
logistic,500,3,ENTREZ_5205,ATP8B1
logistic,500,3,ENTREZ_6790,AURKA
logistic,500,3,ENTREZ_9212,AURKB
logistic,500,3,ENTREZ_84002,B3GNT5
logistic,500,3,ENTREZ_582,BBS1
logistic,500,3,ENTREZ_585,BBS4
logistic,500,3,ENTREZ_4059,BCAM
logistic,500,3,ENTREZ_8537,BCAS1
logistic,500,3,ENTREZ_53335,BCL11A
logistic,500,3,ENTREZ_596,BCL2
logistic,500,3,ENTREZ_332,BIRC5
logistic,500,3,ENTREZ_641,BLM
logistic,500,3,ENTREZ_699,BUB1
logistic,500,3,ENTREZ_701,BUB1B
logistic,500,3,ENTREZ_119032,C10orf32
logistic,500,3,ENTREZ_254439,C11orf86
logistic,500,3,ENTREZ_161394,C14orf174
logistic,500,3,ENTREZ_80127,C14orf45
logistic,500,3,ENTREZ_90417,C15orf23
logistic,500,3,ENTREZ_90381,C15orf42
logistic,500,3,ENTREZ_79650,C16orf57
logistic,500,3,ENTREZ_56942,C16orf61
logistic,500,3,ENTREZ_283987,C17orf28
logistic,500,3,ENTREZ_352909,C19orf51
logistic,500,3,ENTREZ_79000,C1orf135
logistic,500,3,ENTREZ_149563,C1orf64
logistic,500,3,ENTREZ_338761,C1QL4
logistic,500,3,ENTREZ_132720,C4orf32
logistic,500,3,ENTREZ_201895,C4orf34
logistic,500,3,ENTREZ_90355,C5orf30
logistic,500,3,ENTREZ_285600,C5orf36
logistic,500,3,ENTREZ_29113,C6orf15
logistic,500,3,ENTREZ_79624,C6orf211
logistic,500,3,ENTREZ_221718,C6orf218
logistic,500,3,ENTREZ_80129,C6orf97
logistic,500,3,ENTREZ_79846,C7orf63
logistic,500,3,ENTREZ_138162,C9orf116
logistic,500,3,ENTREZ_401546,C9orf152
logistic,500,3,ENTREZ_401535,C9orf170
logistic,500,3,ENTREZ_91283,C9orf30
logistic,500,3,ENTREZ_158067,C9orf98
logistic,500,3,ENTREZ_771,CA12
logistic,500,3,ENTREZ_9254,CACNA2D2
logistic,500,3,ENTREZ_79012,CAMKV
logistic,500,3,ENTREZ_92291,CAPN13
logistic,500,3,ENTREZ_388743,CAPN8
logistic,500,3,ENTREZ_55259,CASC1
logistic,500,3,ENTREZ_84733,CBX2
logistic,500,3,ENTREZ_388389,CCDC103
logistic,500,3,ENTREZ_202243,CCDC125
logistic,500,3,ENTREZ_84318,CCDC77
logistic,500,3,ENTREZ_257236,CCDC96
logistic,500,3,ENTREZ_887,CCKBR
logistic,500,3,ENTREZ_890,CCNA2
logistic,500,3,ENTREZ_9133,CCNB2
logistic,500,3,ENTREZ_898,CCNE1
logistic,500,3,ENTREZ_8872,CDC123
logistic,500,3,ENTREZ_991,CDC20
logistic,500,3,ENTREZ_993,CDC25A
logistic,500,3,ENTREZ_8318,CDC45
logistic,500,3,ENTREZ_157313,CDCA2
logistic,500,3,ENTREZ_83461,CDCA3
logistic,500,3,ENTREZ_113130,CDCA5
logistic,500,3,ENTREZ_83879,CDCA7
logistic,500,3,ENTREZ_55143,CDCA8
logistic,500,3,ENTREZ_983,CDK1
logistic,500,3,ENTREZ_8099,CDK2AP1
logistic,500,3,ENTREZ_1033,CDKN3
logistic,500,3,ENTREZ_9620,CELSR1
logistic,500,3,ENTREZ_1058,CENPA
logistic,500,3,ENTREZ_1062,CENPE
logistic,500,3,ENTREZ_55839,CENPN
logistic,500,3,ENTREZ_79172,CENPO
logistic,500,3,ENTREZ_387103,CENPW
logistic,500,3,ENTREZ_55165,CEP55
logistic,500,3,ENTREZ_1101,CHAD
logistic,500,3,ENTREZ_1111,CHEK1
logistic,500,3,ENTREZ_140578,CHODL
logistic,500,3,ENTREZ_1153,CIRBP
logistic,500,3,ENTREZ_1163,CKS1B
logistic,500,3,ENTREZ_1183,CLCN4
logistic,500,3,ENTREZ_64084,CLSTN2
logistic,500,3,ENTREZ_134147,CMBL
logistic,500,3,ENTREZ_132864,CPEB2
logistic,500,3,ENTREZ_148327,CREB3L4
logistic,500,3,ENTREZ_1408,CRY2
logistic,500,3,ENTREZ_1410,CRYAB
logistic,500,3,ENTREZ_1466,CSRP2
logistic,500,3,ENTREZ_196993,CT62
logistic,500,3,ENTREZ_1503,CTPS
logistic,500,3,ENTREZ_1515,CTSL2
logistic,500,3,ENTREZ_6374,CXCL5
logistic,500,3,ENTREZ_100132994,CXorf49B
logistic,500,3,ENTREZ_203413,CXorf61
logistic,500,3,ENTREZ_51523,CXXC5
logistic,500,3,ENTREZ_339761,CYP27C1
logistic,500,3,ENTREZ_1556,CYP2B7P1
logistic,500,3,ENTREZ_163720,CYP4Z2P
logistic,500,3,ENTREZ_1602,DACH1
logistic,500,3,ENTREZ_55152,DALRD3
logistic,500,3,ENTREZ_10926,DBF4
logistic,500,3,ENTREZ_23109,DDN
logistic,500,3,ENTREZ_123099,DEGS2
logistic,500,3,ENTREZ_7913,DEK
logistic,500,3,ENTREZ_55635,DEPDC1
logistic,500,3,ENTREZ_55789,DEPDC1B
logistic,500,3,ENTREZ_1736,DKC1
logistic,500,3,ENTREZ_9787,DLGAP5
logistic,500,3,ENTREZ_1750,DLX6
logistic,500,3,ENTREZ_56171,DNAH7
logistic,500,3,ENTREZ_56521,DNAJC12
logistic,500,3,ENTREZ_83544,DNAL1
logistic,500,3,ENTREZ_7802,DNALI1
logistic,500,3,ENTREZ_1789,DNMT3B
logistic,500,3,ENTREZ_29980,DONSON
logistic,500,3,ENTREZ_79075,DSCC1
logistic,500,3,ENTREZ_83657,DYNLRB2
logistic,500,3,ENTREZ_1870,E2F2
logistic,500,3,ENTREZ_1871,E2F3
logistic,500,3,ENTREZ_9718,ECE2
logistic,500,3,ENTREZ_64800,EFCAB6
logistic,500,3,ENTREZ_2019,EN1
logistic,500,3,ENTREZ_2023,ENO1
logistic,500,3,ENTREZ_2066,ERBB4
logistic,500,3,ENTREZ_57222,ERGIC1
logistic,500,3,ENTREZ_2099,ESR1
logistic,500,3,ENTREZ_83850,ESYT3
logistic,500,3,ENTREZ_51466,EVL
logistic,500,3,ENTREZ_9156,EXO1
logistic,500,3,ENTREZ_54536,EXOC6
logistic,500,3,ENTREZ_2146,EZH2
logistic,500,3,ENTREZ_2155,F7
logistic,500,3,ENTREZ_2173,FABP7
logistic,500,3,ENTREZ_139285,FAM123B
logistic,500,3,ENTREZ_84908,FAM136A
logistic,500,3,ENTREZ_221061,FAM171A1
logistic,500,3,ENTREZ_345757,FAM174A
logistic,500,3,ENTREZ_400451,FAM174B
logistic,500,3,ENTREZ_51313,FAM198B
logistic,500,3,ENTREZ_284467,FAM19A3
logistic,500,3,ENTREZ_100129583,FAM47E
logistic,500,3,ENTREZ_113115,FAM54A
logistic,500,3,ENTREZ_55793,FAM63A
logistic,500,3,ENTREZ_54478,FAM64A
logistic,500,3,ENTREZ_653820,FAM72B
logistic,500,3,ENTREZ_81610,FAM83D
logistic,500,3,ENTREZ_2175,FANCA
logistic,500,3,ENTREZ_2187,FANCB
logistic,500,3,ENTREZ_2203,FBP1
logistic,500,3,ENTREZ_26234,FBXL5
logistic,500,3,ENTREZ_130888,FBXO36
logistic,500,3,ENTREZ_55612,FERMT1
logistic,500,3,ENTREZ_89846,FGD3
logistic,500,3,ENTREZ_9982,FGFBP1
logistic,500,3,ENTREZ_399717,GATA3-AS1
logistic,500,3,ENTREZ_3169,FOXA1
logistic,500,3,ENTREZ_2296,FOXC1
logistic,500,3,ENTREZ_2305,FOXM1
logistic,500,3,ENTREZ_6624,FSCN1
logistic,500,3,ENTREZ_161835,FSIP1
logistic,500,3,ENTREZ_8326,FZD9
logistic,500,3,ENTREZ_9568,GABBR2
logistic,500,3,ENTREZ_2568,GABRP
logistic,500,3,ENTREZ_51083,GAL
logistic,500,3,ENTREZ_2593,GAMT
logistic,500,3,ENTREZ_2625,GATA3
logistic,500,3,ENTREZ_8200,GDF5
logistic,500,3,ENTREZ_2674,GFRA1
logistic,500,3,ENTREZ_2676,GFRA3
logistic,500,3,ENTREZ_54826,GIN1
logistic,500,3,ENTREZ_9837,GINS1
logistic,500,3,ENTREZ_2707,GJB3
logistic,500,3,ENTREZ_8833,GMPS
logistic,500,3,ENTREZ_2813,GP2
logistic,500,3,ENTREZ_23171,GPD1L
logistic,500,3,ENTREZ_2824,GPM6B
logistic,500,3,ENTREZ_11321,GPN1
logistic,500,3,ENTREZ_26996,GPR160
logistic,500,3,ENTREZ_27202,GPR77
logistic,500,3,ENTREZ_29899,GPSM2
logistic,500,3,ENTREZ_9687,GREB1
logistic,500,3,ENTREZ_2925,GRPR
logistic,500,3,ENTREZ_83903,GSG2
logistic,500,3,ENTREZ_2950,GSTP1
logistic,500,3,ENTREZ_23560,GTPBP4
logistic,500,3,ENTREZ_51512,GTSE1
logistic,500,3,ENTREZ_145864,HAPLN3
logistic,500,3,ENTREZ_10614,HEXIM1
logistic,500,3,ENTREZ_55733,HHAT
logistic,500,3,ENTREZ_55355,HJURP
logistic,500,3,ENTREZ_3159,HMGA1
logistic,500,3,ENTREZ_84072,HORMAD1
logistic,500,3,ENTREZ_3475,IFRD1
logistic,500,3,ENTREZ_10644,IGF2BP2
logistic,500,3,ENTREZ_10643,IGF2BP3
logistic,500,3,ENTREZ_3483,IGFALS
logistic,500,3,ENTREZ_3595,IL12RB2
logistic,500,3,ENTREZ_27160,INGX
logistic,500,3,ENTREZ_8821,INPP4B
logistic,500,3,ENTREZ_27124,INPP5J
logistic,500,3,ENTREZ_3712,IVD
logistic,500,3,ENTREZ_56888,KCMF1
logistic,500,3,ENTREZ_3755,KCNG1
logistic,500,3,ENTREZ_3767,KCNJ11
logistic,500,3,ENTREZ_60598,KCNK15
logistic,500,3,ENTREZ_8645,KCNK5
logistic,500,3,ENTREZ_9132,KCNQ4
logistic,500,3,ENTREZ_3787,KCNS1
logistic,500,3,ENTREZ_23030,KDM4B
logistic,500,3,ENTREZ_9933,KIAA0020
logistic,500,3,ENTREZ_9778,KIAA0232
logistic,500,3,ENTREZ_57535,KIAA1324
logistic,500,3,ENTREZ_56204,KIAA1370
logistic,500,3,ENTREZ_9928,KIF14
logistic,500,3,ENTREZ_56992,KIF15
logistic,500,3,ENTREZ_81930,KIF18A
logistic,500,3,ENTREZ_146909,KIF18B
logistic,500,3,ENTREZ_10112,KIF20A
logistic,500,3,ENTREZ_9493,KIF23
logistic,500,3,ENTREZ_11004,KIF2C
logistic,500,3,ENTREZ_24137,KIF4A
logistic,500,3,ENTREZ_3833,KIFC1
logistic,500,3,ENTREZ_5653,KLK6
logistic,500,3,ENTREZ_3868,KRT16
logistic,500,3,ENTREZ_3875,KRT18
logistic,500,3,ENTREZ_3854,KRT6B
logistic,500,3,ENTREZ_286887,KRT6C
logistic,500,3,ENTREZ_3857,KRT9
logistic,500,3,ENTREZ_91133,L3MBTL4
logistic,500,3,ENTREZ_9836,LCMT2
logistic,500,3,ENTREZ_3938,LCT
logistic,500,3,ENTREZ_3945,LDHB
logistic,500,3,ENTREZ_93273,LEMD1
logistic,500,3,ENTREZ_51474,LIMA1
logistic,500,3,ENTREZ_4010,LMX1B
logistic,500,3,ENTREZ_100130148,MAPT-IT1
logistic,500,3,ENTREZ_145837,DRAIC
logistic,500,3,ENTREZ_284578,MFSD4A-AS1
logistic,500,3,ENTREZ_285629,LINC02159
logistic,500,3,ENTREZ_84740,AFAP1-AS1
logistic,500,3,ENTREZ_84856,LINC00839
logistic,500,3,ENTREZ_164832,LONRF2
logistic,500,3,ENTREZ_23175,LPIN1
logistic,500,3,ENTREZ_4025,LPO
logistic,500,3,ENTREZ_7804,LRP8
logistic,500,3,ENTREZ_90506,LRRC46
logistic,500,3,ENTREZ_83450,LRRC48
logistic,500,3,ENTREZ_123872,LRRC50
logistic,500,3,ENTREZ_220074,LRTOMT
logistic,500,3,ENTREZ_4085,MAD2L1
logistic,500,3,ENTREZ_4115,MAGEB4
logistic,500,3,ENTREZ_10916,MAGED2
logistic,500,3,ENTREZ_7786,MAP3K12
logistic,500,3,ENTREZ_5596,MAPK4
logistic,500,3,ENTREZ_4137,MAPT
logistic,500,3,ENTREZ_8785,MATN4
logistic,500,3,ENTREZ_64087,MCCC2
logistic,500,3,ENTREZ_55388,MCM10
logistic,500,3,ENTREZ_4171,MCM2
logistic,500,3,ENTREZ_4175,MCM6
logistic,500,3,ENTREZ_4176,MCM7
logistic,500,3,ENTREZ_9833,MELK
logistic,500,3,ENTREZ_51072,MEMO1
logistic,500,3,ENTREZ_4241,MFI2
logistic,500,3,ENTREZ_8190,MIA
logistic,500,3,ENTREZ_85377,MICALL1
logistic,500,3,ENTREZ_57496,MKL2
logistic,500,3,ENTREZ_79083,MLPH
logistic,500,3,ENTREZ_10943,MSL3
logistic,500,3,ENTREZ_25902,MTHFD1L
logistic,500,3,ENTREZ_4602,MYB
logistic,500,3,ENTREZ_4605,MYBL2
logistic,500,3,ENTREZ_9,NAT1
logistic,500,3,ENTREZ_9918,NCAPD2
logistic,500,3,ENTREZ_64151,NCAPG
logistic,500,3,ENTREZ_23397,NCAPH
logistic,500,3,ENTREZ_8440,NCK2
logistic,500,3,ENTREZ_100188953,NCRNA00092
logistic,500,3,ENTREZ_10403,NDC80
logistic,500,3,ENTREZ_55247,NEIL3
logistic,500,3,ENTREZ_152110,NEK10
logistic,500,3,ENTREZ_115677,NOSTRIN
logistic,500,3,ENTREZ_10361,NPM2
logistic,500,3,ENTREZ_7101,NR2E1
logistic,500,3,ENTREZ_83594,NUDT12
logistic,500,3,ENTREZ_11164,NUDT5
logistic,500,3,ENTREZ_83540,NUF2
logistic,500,3,ENTREZ_9688,NUP93
logistic,500,3,ENTREZ_158046,NXNL2
logistic,500,3,ENTREZ_4948,OCA2
logistic,500,3,ENTREZ_11339,OIP5
logistic,500,3,ENTREZ_55301,OLAH
logistic,500,3,ENTREZ_4986,OPRK1
logistic,500,3,ENTREZ_4998,ORC1L
logistic,500,3,ENTREZ_23594,ORC6L
logistic,500,3,ENTREZ_54681,P4HTM
logistic,500,3,ENTREZ_11240,PADI2
logistic,500,3,ENTREZ_55003,PAK1IP1
logistic,500,3,ENTREZ_9061,PAPSS1
logistic,500,3,ENTREZ_84105,PCBD2
logistic,500,3,ENTREZ_126006,PCP2
logistic,500,3,ENTREZ_54760,PCSK4
logistic,500,3,ENTREZ_9141,PDCD5
logistic,500,3,ENTREZ_5160,PDHA1
logistic,500,3,ENTREZ_10130,PDIA6
logistic,500,3,ENTREZ_23590,PDSS1
logistic,500,3,ENTREZ_54858,PGPEP1
logistic,500,3,ENTREZ_5241,PGR
logistic,500,3,ENTREZ_80119,PIF1
logistic,500,3,ENTREZ_5347,PLK1
logistic,500,3,ENTREZ_5351,PLOD1
logistic,500,3,ENTREZ_135293,PM20D2
logistic,500,3,ENTREZ_10721,POLQ
logistic,500,3,ENTREZ_5457,POU4F1
logistic,500,3,ENTREZ_5460,POU5F1
logistic,500,3,ENTREZ_81706,PPP1R14C
logistic,500,3,ENTREZ_59336,PRDM13
logistic,500,3,ENTREZ_57580,PREX1
logistic,500,3,ENTREZ_5558,PRIM2
logistic,500,3,ENTREZ_5613,PRKX
logistic,500,3,ENTREZ_222171,PRR15
logistic,500,3,ENTREZ_285368,PRRT3
logistic,500,3,ENTREZ_260429,PRSS33
logistic,500,3,ENTREZ_29968,PSAT1
logistic,500,3,ENTREZ_5690,PSMB2
logistic,500,3,ENTREZ_11122,PTPRT
logistic,500,3,ENTREZ_9232,PTTG1
logistic,500,3,ENTREZ_5806,PTX3
logistic,500,3,ENTREZ_64284,RAB17
logistic,500,3,ENTREZ_9135,RABEP1
logistic,500,3,ENTREZ_5888,RAD51
logistic,500,3,ENTREZ_10635,RAD51AP1
logistic,500,3,ENTREZ_8438,RAD54L
logistic,500,3,ENTREZ_154064,RAET1L
logistic,500,3,ENTREZ_55103,RALGPS2
logistic,500,3,ENTREZ_5902,RANBP1
logistic,500,3,ENTREZ_5914,RARA
logistic,500,3,ENTREZ_255426,RASGEF1C
logistic,500,3,ENTREZ_84991,RBM17
logistic,500,3,ENTREZ_54502,RBM47
logistic,500,3,ENTREZ_65055,REEP1
logistic,500,3,ENTREZ_92840,REEP6
logistic,500,3,ENTREZ_85004,RERG
logistic,500,3,ENTREZ_5984,RFC4
logistic,500,3,ENTREZ_56963,RGMA
logistic,500,3,ENTREZ_5995,RGR
logistic,500,3,ENTREZ_26166,RGS22
logistic,500,3,ENTREZ_51458,RHCG
logistic,500,3,ENTREZ_388,RHOB
logistic,500,3,ENTREZ_83732,RIOK1
logistic,500,3,ENTREZ_6017,RLBP1
logistic,500,3,ENTREZ_27289,RND1
logistic,500,3,ENTREZ_7844,RNF103
logistic,500,3,ENTREZ_54763,ROPN1
logistic,500,3,ENTREZ_152015,ROPN1B
logistic,500,3,ENTREZ_22934,RPIA
logistic,500,3,ENTREZ_6241,RRM2
logistic,500,3,ENTREZ_89765,RSPH1
logistic,500,3,ENTREZ_146760,RTN4RL1
logistic,500,3,ENTREZ_146923,RUNDC1
logistic,500,3,ENTREZ_374897,SBSN
logistic,500,3,ENTREZ_29970,SCHIP1
logistic,500,3,ENTREZ_6337,SCNN1A
logistic,500,3,ENTREZ_11341,SCRG1
logistic,500,3,ENTREZ_57758,SCUBE2
logistic,500,3,ENTREZ_22929,SEPHS1
logistic,500,3,ENTREZ_51091,SEPSECS
logistic,500,3,ENTREZ_256394,SERPINA11
logistic,500,3,ENTREZ_6422,SFRP1
logistic,500,3,ENTREZ_135295,SFRS13B
logistic,500,3,ENTREZ_375035,SFT2D2
logistic,500,3,ENTREZ_151648,SGOL1
logistic,500,3,ENTREZ_399694,SHC4
logistic,500,3,ENTREZ_79801,SHCBP1
logistic,500,3,ENTREZ_54847,SIDT1
logistic,500,3,ENTREZ_220134,SKA1
logistic,500,3,ENTREZ_221150,SKA3
logistic,500,3,ENTREZ_6500,SKP1
logistic,500,3,ENTREZ_6564,SLC15A1
logistic,500,3,ENTREZ_9120,SLC16A6
logistic,500,3,ENTREZ_6584,SLC22A5
logistic,500,3,ENTREZ_115019,SLC26A9
logistic,500,3,ENTREZ_25800,SLC39A6
logistic,500,3,ENTREZ_80736,SLC44A4
logistic,500,3,ENTREZ_9498,SLC4A8
logistic,500,3,ENTREZ_11254,SLC6A14
logistic,500,3,ENTREZ_6530,SLC6A2
logistic,500,3,ENTREZ_8140,SLC7A5
logistic,500,3,ENTREZ_23428,SLC7A8
logistic,500,3,ENTREZ_6664,SOX11
logistic,500,3,ENTREZ_25803,SPDEF
logistic,500,3,ENTREZ_25876,SPEF1
logistic,500,3,ENTREZ_79925,SPEF2
logistic,500,3,ENTREZ_6732,SRPK1
logistic,500,3,ENTREZ_6769,STAC
logistic,500,3,ENTREZ_10809,STARD10
logistic,500,3,ENTREZ_6491,STIL
logistic,500,3,ENTREZ_55351,STK32B
logistic,500,3,ENTREZ_3925,STMN1
logistic,500,3,ENTREZ_6821,SUOX
logistic,500,3,ENTREZ_203328,SUSD3
logistic,500,3,ENTREZ_79723,SUV39H2
logistic,500,3,ENTREZ_55638,SYBU
logistic,500,3,ENTREZ_143425,SYT9
logistic,500,3,ENTREZ_54843,SYTL2
logistic,500,3,ENTREZ_94121,SYTL4
logistic,500,3,ENTREZ_94122,SYTL5
logistic,500,3,ENTREZ_93624,TADA2B
logistic,500,3,ENTREZ_23158,TBC1D9
logistic,500,3,ENTREZ_9095,TBX19
logistic,500,3,ENTREZ_9338,TCEAL1
logistic,500,3,ENTREZ_6941,TCF19
logistic,500,3,ENTREZ_83439,TCF7L1
logistic,500,3,ENTREZ_23371,TENC1
logistic,500,3,ENTREZ_54881,TEX10
logistic,500,3,ENTREZ_7031,TFF1
logistic,500,3,ENTREZ_7033,TFF3
logistic,500,3,ENTREZ_79875,THSD4
logistic,500,3,ENTREZ_166815,TIGD2
logistic,500,3,ENTREZ_7090,TLE3
logistic,500,3,ENTREZ_51643,TMBIM4
logistic,500,3,ENTREZ_7009,TMBIM6
logistic,500,3,ENTREZ_147798,TMC4
logistic,500,3,ENTREZ_9911,TMCC2
logistic,500,3,ENTREZ_84866,TMEM25
logistic,500,3,ENTREZ_120224,TMEM45B
logistic,500,3,ENTREZ_57156,TMEM63C
logistic,500,3,ENTREZ_285386,TPRG1
logistic,500,3,ENTREZ_22974,TPX2
logistic,500,3,ENTREZ_23650,TRIM29
logistic,500,3,ENTREZ_10612,TRIM3
logistic,500,3,ENTREZ_9319,TRIP13
logistic,500,3,ENTREZ_10024,TROAP
logistic,500,3,ENTREZ_10103,TSPAN1
logistic,500,3,ENTREZ_27075,TSPAN13
logistic,500,3,ENTREZ_143941,TTC36
logistic,500,3,ENTREZ_22996,TTC39A
logistic,500,3,ENTREZ_123016,TTC8
logistic,500,3,ENTREZ_7272,TTK
logistic,500,3,ENTREZ_9654,TTLL4
logistic,500,3,ENTREZ_57348,TTYH1
logistic,500,3,ENTREZ_84790,TUBA1C
logistic,500,3,ENTREZ_203068,TUBB
logistic,500,3,ENTREZ_11065,UBE2C
logistic,500,3,ENTREZ_29089,UBE2T
logistic,500,3,ENTREZ_127733,UBXN10
logistic,500,3,ENTREZ_165324,UBXN2A
logistic,500,3,ENTREZ_7371,UCK2
logistic,500,3,ENTREZ_7368,UGT8
logistic,500,3,ENTREZ_79465,ULBP3
logistic,500,3,ENTREZ_10451,VAV3
logistic,500,3,ENTREZ_51442,VGLL1
logistic,500,3,ENTREZ_57728,WDR19
logistic,500,3,ENTREZ_7466,WFS1
logistic,500,3,ENTREZ_65266,WNK4
logistic,500,3,ENTREZ_7475,WNT6
logistic,500,3,ENTREZ_11059,WWP1
logistic,500,3,ENTREZ_7494,XBP1
logistic,500,3,ENTREZ_57510,XPO5
logistic,500,3,ENTREZ_4904,YBX1
logistic,500,3,ENTREZ_55689,YEATS2
logistic,500,3,ENTREZ_100128927,ZBTB42
logistic,500,3,ENTREZ_124220,ZG16B
logistic,500,3,ENTREZ_51364,ZMYND10
logistic,500,3,ENTREZ_79973,ZNF442
logistic,500,3,ENTREZ_79818,ZNF552
logistic,500,3,ENTREZ_57116,ZNF695
logistic,500,3,ENTREZ_80139,ZNF703
logistic,500,4,ENTREZ_90288,EFCAB12
logistic,500,4,ENTREZ_144568,A2ML1
logistic,500,4,ENTREZ_18,ABAT
logistic,500,4,ENTREZ_85320,ABCC11
logistic,500,4,ENTREZ_6833,ABCC8
logistic,500,4,ENTREZ_22885,ABLIM3
logistic,500,4,ENTREZ_36,ACADSB
logistic,500,4,ENTREZ_59272,ACE2
logistic,500,4,ENTREZ_122970,ACOT4
logistic,500,4,ENTREZ_170689,ADAMTS15
logistic,500,4,ENTREZ_115,ADCY9
logistic,500,4,ENTREZ_3899,AFF3
logistic,500,4,ENTREZ_10551,AGR2
logistic,500,4,ENTREZ_155465,AGR3
logistic,500,4,ENTREZ_22977,AKR7A3
logistic,500,4,ENTREZ_262,AMD1
logistic,500,4,ENTREZ_276,AMY1A
logistic,500,4,ENTREZ_57763,ANKRA2
logistic,500,4,ENTREZ_91074,ANKRD30A
logistic,500,4,ENTREZ_338699,ANKRD42
logistic,500,4,ENTREZ_54443,ANLN
logistic,500,4,ENTREZ_8416,ANXA9
logistic,500,4,ENTREZ_323,APBB2
logistic,500,4,ENTREZ_83464,APH1B
logistic,500,4,ENTREZ_367,AR
logistic,500,4,ENTREZ_22901,ARSG
logistic,500,4,ENTREZ_419,ART3
logistic,500,4,ENTREZ_259266,ASPM
logistic,500,4,ENTREZ_64225,ATL2
logistic,500,4,ENTREZ_245973,ATP6V1C2
logistic,500,4,ENTREZ_540,ATP7B
logistic,500,4,ENTREZ_5205,ATP8B1
logistic,500,4,ENTREZ_6790,AURKA
logistic,500,4,ENTREZ_9212,AURKB
logistic,500,4,ENTREZ_84002,B3GNT5
logistic,500,4,ENTREZ_582,BBS1
logistic,500,4,ENTREZ_585,BBS4
logistic,500,4,ENTREZ_4059,BCAM
logistic,500,4,ENTREZ_8537,BCAS1
logistic,500,4,ENTREZ_53335,BCL11A
logistic,500,4,ENTREZ_596,BCL2
logistic,500,4,ENTREZ_332,BIRC5
logistic,500,4,ENTREZ_641,BLM
logistic,500,4,ENTREZ_671,BPI
logistic,500,4,ENTREZ_699,BUB1
logistic,500,4,ENTREZ_701,BUB1B
logistic,500,4,ENTREZ_119032,C10orf32
logistic,500,4,ENTREZ_161394,C14orf174
logistic,500,4,ENTREZ_80127,C14orf45
logistic,500,4,ENTREZ_90417,C15orf23
logistic,500,4,ENTREZ_90381,C15orf42
logistic,500,4,ENTREZ_79650,C16orf57
logistic,500,4,ENTREZ_56942,C16orf61
logistic,500,4,ENTREZ_283987,C17orf28
logistic,500,4,ENTREZ_352909,C19orf51
logistic,500,4,ENTREZ_79000,C1orf135
logistic,500,4,ENTREZ_149563,C1orf64
logistic,500,4,ENTREZ_165257,C1QL2
logistic,500,4,ENTREZ_338761,C1QL4
logistic,500,4,ENTREZ_132720,C4orf32
logistic,500,4,ENTREZ_201895,C4orf34
logistic,500,4,ENTREZ_90355,C5orf30
logistic,500,4,ENTREZ_285600,C5orf36
logistic,500,4,ENTREZ_29113,C6orf15
logistic,500,4,ENTREZ_79624,C6orf211
logistic,500,4,ENTREZ_221718,C6orf218
logistic,500,4,ENTREZ_80129,C6orf97
logistic,500,4,ENTREZ_79846,C7orf63
logistic,500,4,ENTREZ_138162,C9orf116
logistic,500,4,ENTREZ_401546,C9orf152
logistic,500,4,ENTREZ_401535,C9orf170
logistic,500,4,ENTREZ_91283,C9orf30
logistic,500,4,ENTREZ_158067,C9orf98
logistic,500,4,ENTREZ_771,CA12
logistic,500,4,ENTREZ_776,CACNA1D
logistic,500,4,ENTREZ_9254,CACNA2D2
logistic,500,4,ENTREZ_79012,CAMKV
logistic,500,4,ENTREZ_92291,CAPN13
logistic,500,4,ENTREZ_388743,CAPN8
logistic,500,4,ENTREZ_55259,CASC1
logistic,500,4,ENTREZ_388389,CCDC103
logistic,500,4,ENTREZ_202243,CCDC125
logistic,500,4,ENTREZ_79825,CCDC48
logistic,500,4,ENTREZ_257236,CCDC96
logistic,500,4,ENTREZ_887,CCKBR
logistic,500,4,ENTREZ_890,CCNA2
logistic,500,4,ENTREZ_9133,CCNB2
logistic,500,4,ENTREZ_898,CCNE1
logistic,500,4,ENTREZ_8872,CDC123
logistic,500,4,ENTREZ_991,CDC20
logistic,500,4,ENTREZ_993,CDC25A
logistic,500,4,ENTREZ_8318,CDC45
logistic,500,4,ENTREZ_157313,CDCA2
logistic,500,4,ENTREZ_83461,CDCA3
logistic,500,4,ENTREZ_113130,CDCA5
logistic,500,4,ENTREZ_83879,CDCA7
logistic,500,4,ENTREZ_55143,CDCA8
logistic,500,4,ENTREZ_983,CDK1
logistic,500,4,ENTREZ_8099,CDK2AP1
logistic,500,4,ENTREZ_1033,CDKN3
logistic,500,4,ENTREZ_9620,CELSR1
logistic,500,4,ENTREZ_1058,CENPA
logistic,500,4,ENTREZ_1062,CENPE
logistic,500,4,ENTREZ_55839,CENPN
logistic,500,4,ENTREZ_79172,CENPO
logistic,500,4,ENTREZ_387103,CENPW
logistic,500,4,ENTREZ_55165,CEP55
logistic,500,4,ENTREZ_1101,CHAD
logistic,500,4,ENTREZ_1111,CHEK1
logistic,500,4,ENTREZ_140578,CHODL
logistic,500,4,ENTREZ_9435,CHST2
logistic,500,4,ENTREZ_1153,CIRBP
logistic,500,4,ENTREZ_1163,CKS1B
logistic,500,4,ENTREZ_1183,CLCN4
logistic,500,4,ENTREZ_64084,CLSTN2
logistic,500,4,ENTREZ_134147,CMBL
logistic,500,4,ENTREZ_132864,CPEB2
logistic,500,4,ENTREZ_148327,CREB3L4
logistic,500,4,ENTREZ_1408,CRY2
logistic,500,4,ENTREZ_1410,CRYAB
logistic,500,4,ENTREZ_196993,CT62
logistic,500,4,ENTREZ_1503,CTPS
logistic,500,4,ENTREZ_6374,CXCL5
logistic,500,4,ENTREZ_100132994,CXorf49B
logistic,500,4,ENTREZ_203413,CXorf61
logistic,500,4,ENTREZ_51523,CXXC5
logistic,500,4,ENTREZ_1556,CYP2B7P1
logistic,500,4,ENTREZ_163720,CYP4Z2P
logistic,500,4,ENTREZ_1602,DACH1
logistic,500,4,ENTREZ_10926,DBF4
logistic,500,4,ENTREZ_23109,DDN
logistic,500,4,ENTREZ_123099,DEGS2
logistic,500,4,ENTREZ_7913,DEK
logistic,500,4,ENTREZ_55635,DEPDC1
logistic,500,4,ENTREZ_55789,DEPDC1B
logistic,500,4,ENTREZ_1736,DKC1
logistic,500,4,ENTREZ_9787,DLGAP5
logistic,500,4,ENTREZ_1750,DLX6
logistic,500,4,ENTREZ_1761,DMRT1
logistic,500,4,ENTREZ_1767,DNAH5
logistic,500,4,ENTREZ_56171,DNAH7
logistic,500,4,ENTREZ_56521,DNAJC12
logistic,500,4,ENTREZ_83544,DNAL1
logistic,500,4,ENTREZ_7802,DNALI1
logistic,500,4,ENTREZ_29980,DONSON
logistic,500,4,ENTREZ_79075,DSCC1
logistic,500,4,ENTREZ_83657,DYNLRB2
logistic,500,4,ENTREZ_1870,E2F2
logistic,500,4,ENTREZ_1871,E2F3
logistic,500,4,ENTREZ_9718,ECE2
logistic,500,4,ENTREZ_64800,EFCAB6
logistic,500,4,ENTREZ_2019,EN1
logistic,500,4,ENTREZ_2023,ENO1
logistic,500,4,ENTREZ_5167,ENPP1
logistic,500,4,ENTREZ_2066,ERBB4
logistic,500,4,ENTREZ_57222,ERGIC1
logistic,500,4,ENTREZ_2099,ESR1
logistic,500,4,ENTREZ_83850,ESYT3
logistic,500,4,ENTREZ_51466,EVL
logistic,500,4,ENTREZ_9156,EXO1
logistic,500,4,ENTREZ_54536,EXOC6
logistic,500,4,ENTREZ_2146,EZH2
logistic,500,4,ENTREZ_2155,F7
logistic,500,4,ENTREZ_139285,FAM123B
logistic,500,4,ENTREZ_54463,FAM134B
logistic,500,4,ENTREZ_84908,FAM136A
logistic,500,4,ENTREZ_221061,FAM171A1
logistic,500,4,ENTREZ_345757,FAM174A
logistic,500,4,ENTREZ_400451,FAM174B
logistic,500,4,ENTREZ_51313,FAM198B
logistic,500,4,ENTREZ_284467,FAM19A3
logistic,500,4,ENTREZ_100129583,FAM47E
logistic,500,4,ENTREZ_113115,FAM54A
logistic,500,4,ENTREZ_55793,FAM63A
logistic,500,4,ENTREZ_54478,FAM64A
logistic,500,4,ENTREZ_653820,FAM72B
logistic,500,4,ENTREZ_81610,FAM83D
logistic,500,4,ENTREZ_2175,FANCA
logistic,500,4,ENTREZ_2178,FANCE
logistic,500,4,ENTREZ_2203,FBP1
logistic,500,4,ENTREZ_26234,FBXL5
logistic,500,4,ENTREZ_55612,FERMT1
logistic,500,4,ENTREZ_89846,FGD3
logistic,500,4,ENTREZ_9982,FGFBP1
logistic,500,4,ENTREZ_168455,FLJ36031
logistic,500,4,ENTREZ_399717,GATA3-AS1
logistic,500,4,ENTREZ_3169,FOXA1
logistic,500,4,ENTREZ_2296,FOXC1
logistic,500,4,ENTREZ_2305,FOXM1
logistic,500,4,ENTREZ_6624,FSCN1
logistic,500,4,ENTREZ_161835,FSIP1
logistic,500,4,ENTREZ_8326,FZD9
logistic,500,4,ENTREZ_9568,GABBR2
logistic,500,4,ENTREZ_2568,GABRP
logistic,500,4,ENTREZ_2593,GAMT
logistic,500,4,ENTREZ_2625,GATA3
logistic,500,4,ENTREZ_8200,GDF5
logistic,500,4,ENTREZ_2674,GFRA1
logistic,500,4,ENTREZ_2676,GFRA3
logistic,500,4,ENTREZ_54826,GIN1
logistic,500,4,ENTREZ_9837,GINS1
logistic,500,4,ENTREZ_2707,GJB3
logistic,500,4,ENTREZ_8833,GMPS
logistic,500,4,ENTREZ_2813,GP2
logistic,500,4,ENTREZ_23171,GPD1L
logistic,500,4,ENTREZ_11321,GPN1
logistic,500,4,ENTREZ_26996,GPR160
logistic,500,4,ENTREZ_27202,GPR77
logistic,500,4,ENTREZ_27198,GPR81
logistic,500,4,ENTREZ_29899,GPSM2
logistic,500,4,ENTREZ_9687,GREB1
logistic,500,4,ENTREZ_2925,GRPR
logistic,500,4,ENTREZ_83903,GSG2
logistic,500,4,ENTREZ_23560,GTPBP4
logistic,500,4,ENTREZ_29083,GTPBP8
logistic,500,4,ENTREZ_51512,GTSE1
logistic,500,4,ENTREZ_145864,HAPLN3
logistic,500,4,ENTREZ_3068,HDGF
logistic,500,4,ENTREZ_55733,HHAT
logistic,500,4,ENTREZ_55355,HJURP
logistic,500,4,ENTREZ_3159,HMGA1
logistic,500,4,ENTREZ_84072,HORMAD1
logistic,500,4,ENTREZ_646962,HRCT1
logistic,500,4,ENTREZ_3475,IFRD1
logistic,500,4,ENTREZ_9742,IFT140
logistic,500,4,ENTREZ_10644,IGF2BP2
logistic,500,4,ENTREZ_10643,IGF2BP3
logistic,500,4,ENTREZ_3483,IGFALS
logistic,500,4,ENTREZ_3595,IL12RB2
logistic,500,4,ENTREZ_3608,ILF2
logistic,500,4,ENTREZ_27160,INGX
logistic,500,4,ENTREZ_8821,INPP4B
logistic,500,4,ENTREZ_27124,INPP5J
logistic,500,4,ENTREZ_3712,IVD
logistic,500,4,ENTREZ_56888,KCMF1
logistic,500,4,ENTREZ_3755,KCNG1
logistic,500,4,ENTREZ_3767,KCNJ11
logistic,500,4,ENTREZ_60598,KCNK15
logistic,500,4,ENTREZ_8645,KCNK5
logistic,500,4,ENTREZ_3783,KCNN4
logistic,500,4,ENTREZ_9132,KCNQ4
logistic,500,4,ENTREZ_3787,KCNS1
logistic,500,4,ENTREZ_23030,KDM4B
logistic,500,4,ENTREZ_9933,KIAA0020
logistic,500,4,ENTREZ_9778,KIAA0232
logistic,500,4,ENTREZ_57535,KIAA1324
logistic,500,4,ENTREZ_56204,KIAA1370
logistic,500,4,ENTREZ_57613,KIAA1467
logistic,500,4,ENTREZ_81930,KIF18A
logistic,500,4,ENTREZ_146909,KIF18B
logistic,500,4,ENTREZ_10112,KIF20A
logistic,500,4,ENTREZ_9493,KIF23
logistic,500,4,ENTREZ_11004,KIF2C
logistic,500,4,ENTREZ_24137,KIF4A
logistic,500,4,ENTREZ_3833,KIFC1
logistic,500,4,ENTREZ_122773,KLHDC1
logistic,500,4,ENTREZ_23588,KLHDC2
logistic,500,4,ENTREZ_3838,KPNA2
logistic,500,4,ENTREZ_3868,KRT16
logistic,500,4,ENTREZ_286887,KRT6C
logistic,500,4,ENTREZ_3857,KRT9
logistic,500,4,ENTREZ_91133,L3MBTL4
logistic,500,4,ENTREZ_9836,LCMT2
logistic,500,4,ENTREZ_3945,LDHB
logistic,500,4,ENTREZ_93273,LEMD1
logistic,500,4,ENTREZ_51474,LIMA1
logistic,500,4,ENTREZ_8543,LMO4
logistic,500,4,ENTREZ_4010,LMX1B
logistic,500,4,ENTREZ_100130148,MAPT-IT1
logistic,500,4,ENTREZ_145837,DRAIC
logistic,500,4,ENTREZ_284578,MFSD4A-AS1
logistic,500,4,ENTREZ_84740,AFAP1-AS1
logistic,500,4,ENTREZ_84856,LINC00839
logistic,500,4,ENTREZ_164832,LONRF2
logistic,500,4,ENTREZ_23175,LPIN1
logistic,500,4,ENTREZ_57497,LRFN2
logistic,500,4,ENTREZ_26018,LRIG1
logistic,500,4,ENTREZ_7804,LRP8
logistic,500,4,ENTREZ_90506,LRRC46
logistic,500,4,ENTREZ_83450,LRRC48
logistic,500,4,ENTREZ_123872,LRRC50
logistic,500,4,ENTREZ_220074,LRTOMT
logistic,500,4,ENTREZ_8581,LY6D
logistic,500,4,ENTREZ_4085,MAD2L1
logistic,500,4,ENTREZ_4115,MAGEB4
logistic,500,4,ENTREZ_10916,MAGED2
logistic,500,4,ENTREZ_7786,MAP3K12
logistic,500,4,ENTREZ_5596,MAPK4
logistic,500,4,ENTREZ_4137,MAPT
logistic,500,4,ENTREZ_64087,MCCC2
logistic,500,4,ENTREZ_55388,MCM10
logistic,500,4,ENTREZ_4175,MCM6
logistic,500,4,ENTREZ_4176,MCM7
logistic,500,4,ENTREZ_9833,MELK
logistic,500,4,ENTREZ_51072,MEMO1
logistic,500,4,ENTREZ_4241,MFI2
logistic,500,4,ENTREZ_81854,MGC3771
logistic,500,4,ENTREZ_8190,MIA
logistic,500,4,ENTREZ_85377,MICALL1
logistic,500,4,ENTREZ_57496,MKL2
logistic,500,4,ENTREZ_79083,MLPH
logistic,500,4,ENTREZ_51678,MPP6
logistic,500,4,ENTREZ_25902,MTHFD1L
logistic,500,4,ENTREZ_4602,MYB
logistic,500,4,ENTREZ_4605,MYBL2
logistic,500,4,ENTREZ_55930,MYO5C
logistic,500,4,ENTREZ_25924,MYRIP
logistic,500,4,ENTREZ_9,NAT1
logistic,500,4,ENTREZ_9918,NCAPD2
logistic,500,4,ENTREZ_64151,NCAPG
logistic,500,4,ENTREZ_23397,NCAPH
logistic,500,4,ENTREZ_8440,NCK2
logistic,500,4,ENTREZ_100188953,NCRNA00092
logistic,500,4,ENTREZ_10403,NDC80
logistic,500,4,ENTREZ_152110,NEK10
logistic,500,4,ENTREZ_341676,NEK5
logistic,500,4,ENTREZ_115677,NOSTRIN
logistic,500,4,ENTREZ_7101,NR2E1
logistic,500,4,ENTREZ_83594,NUDT12
logistic,500,4,ENTREZ_11164,NUDT5
logistic,500,4,ENTREZ_83540,NUF2
logistic,500,4,ENTREZ_9688,NUP93
logistic,500,4,ENTREZ_158046,NXNL2
logistic,500,4,ENTREZ_4948,OCA2
logistic,500,4,ENTREZ_55301,OLAH
logistic,500,4,ENTREZ_4986,OPRK1
logistic,500,4,ENTREZ_4998,ORC1L
logistic,500,4,ENTREZ_23594,ORC6L
logistic,500,4,ENTREZ_54681,P4HTM
logistic,500,4,ENTREZ_55003,PAK1IP1
logistic,500,4,ENTREZ_9061,PAPSS1
logistic,500,4,ENTREZ_84105,PCBD2
logistic,500,4,ENTREZ_126006,PCP2
logistic,500,4,ENTREZ_54760,PCSK4
logistic,500,4,ENTREZ_9141,PDCD5
logistic,500,4,ENTREZ_10130,PDIA6
logistic,500,4,ENTREZ_23590,PDSS1
logistic,500,4,ENTREZ_54858,PGPEP1
logistic,500,4,ENTREZ_5241,PGR
logistic,500,4,ENTREZ_5347,PLK1
logistic,500,4,ENTREZ_5351,PLOD1
logistic,500,4,ENTREZ_135293,PM20D2
logistic,500,4,ENTREZ_10721,POLQ
logistic,500,4,ENTREZ_10940,POP1
logistic,500,4,ENTREZ_5457,POU4F1
logistic,500,4,ENTREZ_5460,POU5F1
logistic,500,4,ENTREZ_81706,PPP1R14C
logistic,500,4,ENTREZ_59336,PRDM13
logistic,500,4,ENTREZ_57580,PREX1
logistic,500,4,ENTREZ_5613,PRKX
logistic,500,4,ENTREZ_222171,PRR15
logistic,500,4,ENTREZ_285368,PRRT3
logistic,500,4,ENTREZ_260429,PRSS33
logistic,500,4,ENTREZ_29968,PSAT1
logistic,500,4,ENTREZ_5690,PSMB2
logistic,500,4,ENTREZ_11122,PTPRT
logistic,500,4,ENTREZ_9232,PTTG1
logistic,500,4,ENTREZ_5806,PTX3
logistic,500,4,ENTREZ_64284,RAB17
logistic,500,4,ENTREZ_9135,RABEP1
logistic,500,4,ENTREZ_5888,RAD51
logistic,500,4,ENTREZ_10635,RAD51AP1
logistic,500,4,ENTREZ_8438,RAD54L
logistic,500,4,ENTREZ_154064,RAET1L
logistic,500,4,ENTREZ_10742,RAI2
logistic,500,4,ENTREZ_55103,RALGPS2
logistic,500,4,ENTREZ_5902,RANBP1
logistic,500,4,ENTREZ_5914,RARA
logistic,500,4,ENTREZ_255426,RASGEF1C
logistic,500,4,ENTREZ_84991,RBM17
logistic,500,4,ENTREZ_54502,RBM47
logistic,500,4,ENTREZ_65055,REEP1
logistic,500,4,ENTREZ_7905,REEP5
logistic,500,4,ENTREZ_92840,REEP6
logistic,500,4,ENTREZ_85004,RERG
logistic,500,4,ENTREZ_5984,RFC4
logistic,500,4,ENTREZ_56963,RGMA
logistic,500,4,ENTREZ_5995,RGR
logistic,500,4,ENTREZ_8601,RGS20
logistic,500,4,ENTREZ_26166,RGS22
logistic,500,4,ENTREZ_51458,RHCG
logistic,500,4,ENTREZ_388,RHOB
logistic,500,4,ENTREZ_83732,RIOK1
logistic,500,4,ENTREZ_8767,RIPK2
logistic,500,4,ENTREZ_6017,RLBP1
logistic,500,4,ENTREZ_246243,RNASEH1
logistic,500,4,ENTREZ_27289,RND1
logistic,500,4,ENTREZ_7844,RNF103
logistic,500,4,ENTREZ_54763,ROPN1
logistic,500,4,ENTREZ_152015,ROPN1B
logistic,500,4,ENTREZ_9501,RPH3AL
logistic,500,4,ENTREZ_22934,RPIA
logistic,500,4,ENTREZ_6241,RRM2
logistic,500,4,ENTREZ_146923,RUNDC1
logistic,500,4,ENTREZ_374897,SBSN
logistic,500,4,ENTREZ_29970,SCHIP1
logistic,500,4,ENTREZ_6337,SCNN1A
logistic,500,4,ENTREZ_57758,SCUBE2
logistic,500,4,ENTREZ_9919,SEC16A
logistic,500,4,ENTREZ_51091,SEPSECS
logistic,500,4,ENTREZ_26135,SERBP1
logistic,500,4,ENTREZ_256394,SERPINA11
logistic,500,4,ENTREZ_6422,SFRP1
logistic,500,4,ENTREZ_135295,SFRS13B
logistic,500,4,ENTREZ_375035,SFT2D2
logistic,500,4,ENTREZ_151648,SGOL1
logistic,500,4,ENTREZ_79801,SHCBP1
logistic,500,4,ENTREZ_54847,SIDT1
logistic,500,4,ENTREZ_220134,SKA1
logistic,500,4,ENTREZ_221150,SKA3
logistic,500,4,ENTREZ_6500,SKP1
logistic,500,4,ENTREZ_6564,SLC15A1
logistic,500,4,ENTREZ_9120,SLC16A6
logistic,500,4,ENTREZ_6584,SLC22A5
logistic,500,4,ENTREZ_115019,SLC26A9
logistic,500,4,ENTREZ_25800,SLC39A6
logistic,500,4,ENTREZ_29015,SLC43A3
logistic,500,4,ENTREZ_80736,SLC44A4
logistic,500,4,ENTREZ_9498,SLC4A8
logistic,500,4,ENTREZ_6530,SLC6A2
logistic,500,4,ENTREZ_23428,SLC7A8
logistic,500,4,ENTREZ_6664,SOX11
logistic,500,4,ENTREZ_25803,SPDEF
logistic,500,4,ENTREZ_25876,SPEF1
logistic,500,4,ENTREZ_79925,SPEF2
logistic,500,4,ENTREZ_6715,SRD5A1
logistic,500,4,ENTREZ_6732,SRPK1
logistic,500,4,ENTREZ_6769,STAC
logistic,500,4,ENTREZ_10809,STARD10
logistic,500,4,ENTREZ_6491,STIL
logistic,500,4,ENTREZ_55351,STK32B
logistic,500,4,ENTREZ_3925,STMN1
logistic,500,4,ENTREZ_6821,SUOX
logistic,500,4,ENTREZ_203328,SUSD3
logistic,500,4,ENTREZ_79723,SUV39H2
logistic,500,4,ENTREZ_55638,SYBU
logistic,500,4,ENTREZ_143425,SYT9
logistic,500,4,ENTREZ_54843,SYTL2
logistic,500,4,ENTREZ_94121,SYTL4
logistic,500,4,ENTREZ_94122,SYTL5
logistic,500,4,ENTREZ_23158,TBC1D9
logistic,500,4,ENTREZ_9095,TBX19
logistic,500,4,ENTREZ_9338,TCEAL1
logistic,500,4,ENTREZ_6941,TCF19
logistic,500,4,ENTREZ_79600,TCTN1
logistic,500,4,ENTREZ_23371,TENC1
logistic,500,4,ENTREZ_54881,TEX10
logistic,500,4,ENTREZ_7031,TFF1
logistic,500,4,ENTREZ_7033,TFF3
logistic,500,4,ENTREZ_79875,THSD4
logistic,500,4,ENTREZ_7090,TLE3
logistic,500,4,ENTREZ_51643,TMBIM4
logistic,500,4,ENTREZ_7009,TMBIM6
logistic,500,4,ENTREZ_79838,TMC5
logistic,500,4,ENTREZ_9911,TMCC2
logistic,500,4,ENTREZ_55314,TMEM144
logistic,500,4,ENTREZ_84866,TMEM25
logistic,500,4,ENTREZ_120224,TMEM45B
logistic,500,4,ENTREZ_57156,TMEM63C
logistic,500,4,ENTREZ_285386,TPRG1
logistic,500,4,ENTREZ_22974,TPX2
logistic,500,4,ENTREZ_10612,TRIM3
logistic,500,4,ENTREZ_9319,TRIP13
logistic,500,4,ENTREZ_1831,TSC22D3
logistic,500,4,ENTREZ_10103,TSPAN1
logistic,500,4,ENTREZ_27075,TSPAN13
logistic,500,4,ENTREZ_143941,TTC36
logistic,500,4,ENTREZ_22996,TTC39A
logistic,500,4,ENTREZ_123016,TTC8
logistic,500,4,ENTREZ_7272,TTK
logistic,500,4,ENTREZ_9654,TTLL4
logistic,500,4,ENTREZ_57348,TTYH1
logistic,500,4,ENTREZ_84790,TUBA1C
logistic,500,4,ENTREZ_203068,TUBB
logistic,500,4,ENTREZ_11065,UBE2C
logistic,500,4,ENTREZ_29089,UBE2T
logistic,500,4,ENTREZ_127733,UBXN10
logistic,500,4,ENTREZ_165324,UBXN2A
logistic,500,4,ENTREZ_7371,UCK2
logistic,500,4,ENTREZ_7368,UGT8
logistic,500,4,ENTREZ_7388,UQCRH
logistic,500,4,ENTREZ_440567,UQCRHL
logistic,500,4,ENTREZ_10451,VAV3
logistic,500,4,ENTREZ_51442,VGLL1
logistic,500,4,ENTREZ_57728,WDR19
logistic,500,4,ENTREZ_7466,WFS1
logistic,500,4,ENTREZ_7475,WNT6
logistic,500,4,ENTREZ_11059,WWP1
logistic,500,4,ENTREZ_7494,XBP1
logistic,500,4,ENTREZ_57510,XPO5
logistic,500,4,ENTREZ_4904,YBX1
logistic,500,4,ENTREZ_55689,YEATS2
logistic,500,4,ENTREZ_100128927,ZBTB42
logistic,500,4,ENTREZ_57659,ZBTB4
logistic,500,4,ENTREZ_124220,ZG16B
logistic,500,4,ENTREZ_51364,ZMYND10
logistic,500,4,ENTREZ_252884,ZNF396
logistic,500,4,ENTREZ_79818,ZNF552
logistic,500,4,ENTREZ_57116,ZNF695
logistic,500,4,ENTREZ_80139,ZNF703
logistic,500,5,ENTREZ_90288,EFCAB12
logistic,500,5,ENTREZ_144568,A2ML1
logistic,500,5,ENTREZ_18,ABAT
logistic,500,5,ENTREZ_154664,ABCA13
logistic,500,5,ENTREZ_85320,ABCC11
logistic,500,5,ENTREZ_6833,ABCC8
logistic,500,5,ENTREZ_22885,ABLIM3
logistic,500,5,ENTREZ_36,ACADSB
logistic,500,5,ENTREZ_59272,ACE2
logistic,500,5,ENTREZ_122970,ACOT4
logistic,500,5,ENTREZ_170689,ADAMTS15
logistic,500,5,ENTREZ_115,ADCY9
logistic,500,5,ENTREZ_3899,AFF3
logistic,500,5,ENTREZ_10551,AGR2
logistic,500,5,ENTREZ_155465,AGR3
logistic,500,5,ENTREZ_22977,AKR7A3
logistic,500,5,ENTREZ_276,AMY1A
logistic,500,5,ENTREZ_57763,ANKRA2
logistic,500,5,ENTREZ_91074,ANKRD30A
logistic,500,5,ENTREZ_338699,ANKRD42
logistic,500,5,ENTREZ_54443,ANLN
logistic,500,5,ENTREZ_8416,ANXA9
logistic,500,5,ENTREZ_323,APBB2
logistic,500,5,ENTREZ_83464,APH1B
logistic,500,5,ENTREZ_367,AR
logistic,500,5,ENTREZ_22901,ARSG
logistic,500,5,ENTREZ_419,ART3
logistic,500,5,ENTREZ_259266,ASPM
logistic,500,5,ENTREZ_64225,ATL2
logistic,500,5,ENTREZ_245973,ATP6V1C2
logistic,500,5,ENTREZ_540,ATP7B
logistic,500,5,ENTREZ_5205,ATP8B1
logistic,500,5,ENTREZ_6790,AURKA
logistic,500,5,ENTREZ_9212,AURKB
logistic,500,5,ENTREZ_84002,B3GNT5
logistic,500,5,ENTREZ_582,BBS1
logistic,500,5,ENTREZ_585,BBS4
logistic,500,5,ENTREZ_4059,BCAM
logistic,500,5,ENTREZ_8537,BCAS1
logistic,500,5,ENTREZ_53335,BCL11A
logistic,500,5,ENTREZ_596,BCL2
logistic,500,5,ENTREZ_332,BIRC5
logistic,500,5,ENTREZ_641,BLM
logistic,500,5,ENTREZ_671,BPI
logistic,500,5,ENTREZ_10950,BTG3
logistic,500,5,ENTREZ_699,BUB1
logistic,500,5,ENTREZ_701,BUB1B
logistic,500,5,ENTREZ_705,BYSL
logistic,500,5,ENTREZ_54838,C10orf26
logistic,500,5,ENTREZ_119032,C10orf32
logistic,500,5,ENTREZ_254439,C11orf86
logistic,500,5,ENTREZ_254013,C12orf72
logistic,500,5,ENTREZ_161394,C14orf174
logistic,500,5,ENTREZ_80127,C14orf45
logistic,500,5,ENTREZ_90417,C15orf23
logistic,500,5,ENTREZ_90381,C15orf42
logistic,500,5,ENTREZ_56942,C16orf61
logistic,500,5,ENTREZ_283987,C17orf28
logistic,500,5,ENTREZ_79000,C1orf135
logistic,500,5,ENTREZ_149563,C1orf64
logistic,500,5,ENTREZ_165257,C1QL2
logistic,500,5,ENTREZ_338761,C1QL4
logistic,500,5,ENTREZ_720,C4A
logistic,500,5,ENTREZ_132720,C4orf32
logistic,500,5,ENTREZ_201895,C4orf34
logistic,500,5,ENTREZ_90355,C5orf30
logistic,500,5,ENTREZ_285600,C5orf36
logistic,500,5,ENTREZ_79624,C6orf211
logistic,500,5,ENTREZ_221718,C6orf218
logistic,500,5,ENTREZ_80129,C6orf97
logistic,500,5,ENTREZ_79846,C7orf63
logistic,500,5,ENTREZ_138162,C9orf116
logistic,500,5,ENTREZ_401546,C9orf152
logistic,500,5,ENTREZ_401535,C9orf170
logistic,500,5,ENTREZ_91283,C9orf30
logistic,500,5,ENTREZ_55071,C9orf40
logistic,500,5,ENTREZ_158067,C9orf98
logistic,500,5,ENTREZ_771,CA12
logistic,500,5,ENTREZ_776,CACNA1D
logistic,500,5,ENTREZ_9254,CACNA2D2
logistic,500,5,ENTREZ_79012,CAMKV
logistic,500,5,ENTREZ_92291,CAPN13
logistic,500,5,ENTREZ_388743,CAPN8
logistic,500,5,ENTREZ_55259,CASC1
logistic,500,5,ENTREZ_84733,CBX2
logistic,500,5,ENTREZ_388389,CCDC103
logistic,500,5,ENTREZ_202243,CCDC125
logistic,500,5,ENTREZ_79825,CCDC48
logistic,500,5,ENTREZ_257236,CCDC96
logistic,500,5,ENTREZ_887,CCKBR
logistic,500,5,ENTREZ_890,CCNA2
logistic,500,5,ENTREZ_891,CCNB1
logistic,500,5,ENTREZ_9133,CCNB2
logistic,500,5,ENTREZ_898,CCNE1
logistic,500,5,ENTREZ_8872,CDC123
logistic,500,5,ENTREZ_991,CDC20
logistic,500,5,ENTREZ_993,CDC25A
logistic,500,5,ENTREZ_8318,CDC45
logistic,500,5,ENTREZ_157313,CDCA2
logistic,500,5,ENTREZ_83461,CDCA3
logistic,500,5,ENTREZ_113130,CDCA5
logistic,500,5,ENTREZ_83879,CDCA7
logistic,500,5,ENTREZ_55143,CDCA8
logistic,500,5,ENTREZ_983,CDK1
logistic,500,5,ENTREZ_8099,CDK2AP1
logistic,500,5,ENTREZ_1033,CDKN3
logistic,500,5,ENTREZ_9620,CELSR1
logistic,500,5,ENTREZ_1058,CENPA
logistic,500,5,ENTREZ_1062,CENPE
logistic,500,5,ENTREZ_55839,CENPN
logistic,500,5,ENTREZ_79172,CENPO
logistic,500,5,ENTREZ_387103,CENPW
logistic,500,5,ENTREZ_55165,CEP55
logistic,500,5,ENTREZ_1101,CHAD
logistic,500,5,ENTREZ_1111,CHEK1
logistic,500,5,ENTREZ_11200,CHEK2
logistic,500,5,ENTREZ_140578,CHODL
logistic,500,5,ENTREZ_9435,CHST2
logistic,500,5,ENTREZ_1153,CIRBP
logistic,500,5,ENTREZ_1163,CKS1B
logistic,500,5,ENTREZ_1183,CLCN4
logistic,500,5,ENTREZ_64084,CLSTN2
logistic,500,5,ENTREZ_134147,CMBL
logistic,500,5,ENTREZ_132864,CPEB2
logistic,500,5,ENTREZ_148327,CREB3L4
logistic,500,5,ENTREZ_1408,CRY2
logistic,500,5,ENTREZ_1410,CRYAB
logistic,500,5,ENTREZ_196993,CT62
logistic,500,5,ENTREZ_1503,CTPS
logistic,500,5,ENTREZ_6374,CXCL5
logistic,500,5,ENTREZ_100132994,CXorf49B
logistic,500,5,ENTREZ_203413,CXorf61
logistic,500,5,ENTREZ_51523,CXXC5
logistic,500,5,ENTREZ_1556,CYP2B7P1
logistic,500,5,ENTREZ_163720,CYP4Z2P
logistic,500,5,ENTREZ_1602,DACH1
logistic,500,5,ENTREZ_10926,DBF4
logistic,500,5,ENTREZ_23109,DDN
logistic,500,5,ENTREZ_123099,DEGS2
logistic,500,5,ENTREZ_55635,DEPDC1
logistic,500,5,ENTREZ_55789,DEPDC1B
logistic,500,5,ENTREZ_1736,DKC1
logistic,500,5,ENTREZ_9787,DLGAP5
logistic,500,5,ENTREZ_1750,DLX6
logistic,500,5,ENTREZ_1761,DMRT1
logistic,500,5,ENTREZ_1767,DNAH5
logistic,500,5,ENTREZ_56171,DNAH7
logistic,500,5,ENTREZ_56521,DNAJC12
logistic,500,5,ENTREZ_83544,DNAL1
logistic,500,5,ENTREZ_7802,DNALI1
logistic,500,5,ENTREZ_29980,DONSON
logistic,500,5,ENTREZ_79075,DSCC1
logistic,500,5,ENTREZ_83657,DYNLRB2
logistic,500,5,ENTREZ_1870,E2F2
logistic,500,5,ENTREZ_1871,E2F3
logistic,500,5,ENTREZ_9718,ECE2
logistic,500,5,ENTREZ_64800,EFCAB6
logistic,500,5,ENTREZ_2019,EN1
logistic,500,5,ENTREZ_2023,ENO1
logistic,500,5,ENTREZ_5167,ENPP1
logistic,500,5,ENTREZ_2066,ERBB4
logistic,500,5,ENTREZ_57222,ERGIC1
logistic,500,5,ENTREZ_2099,ESR1
logistic,500,5,ENTREZ_83850,ESYT3
logistic,500,5,ENTREZ_9156,EXO1
logistic,500,5,ENTREZ_54536,EXOC6
logistic,500,5,ENTREZ_2146,EZH2
logistic,500,5,ENTREZ_2155,F7
logistic,500,5,ENTREZ_2173,FABP7
logistic,500,5,ENTREZ_10827,FAM114A2
logistic,500,5,ENTREZ_139285,FAM123B
logistic,500,5,ENTREZ_84908,FAM136A
logistic,500,5,ENTREZ_221061,FAM171A1
logistic,500,5,ENTREZ_345757,FAM174A
logistic,500,5,ENTREZ_400451,FAM174B
logistic,500,5,ENTREZ_51313,FAM198B
logistic,500,5,ENTREZ_284467,FAM19A3
logistic,500,5,ENTREZ_100129583,FAM47E
logistic,500,5,ENTREZ_113115,FAM54A
logistic,500,5,ENTREZ_55793,FAM63A
logistic,500,5,ENTREZ_54478,FAM64A
logistic,500,5,ENTREZ_653820,FAM72B
logistic,500,5,ENTREZ_81610,FAM83D
logistic,500,5,ENTREZ_2175,FANCA
logistic,500,5,ENTREZ_2203,FBP1
logistic,500,5,ENTREZ_26234,FBXL5
logistic,500,5,ENTREZ_130888,FBXO36
logistic,500,5,ENTREZ_55612,FERMT1
logistic,500,5,ENTREZ_89846,FGD3
logistic,500,5,ENTREZ_399717,GATA3-AS1
logistic,500,5,ENTREZ_3169,FOXA1
logistic,500,5,ENTREZ_2296,FOXC1
logistic,500,5,ENTREZ_2305,FOXM1
logistic,500,5,ENTREZ_6624,FSCN1
logistic,500,5,ENTREZ_161835,FSIP1
logistic,500,5,ENTREZ_8326,FZD9
logistic,500,5,ENTREZ_9568,GABBR2
logistic,500,5,ENTREZ_2568,GABRP
logistic,500,5,ENTREZ_55568,GALNT10
logistic,500,5,ENTREZ_2593,GAMT
logistic,500,5,ENTREZ_2625,GATA3
logistic,500,5,ENTREZ_8200,GDF5
logistic,500,5,ENTREZ_2674,GFRA1
logistic,500,5,ENTREZ_2676,GFRA3
logistic,500,5,ENTREZ_54826,GIN1
logistic,500,5,ENTREZ_9837,GINS1
logistic,500,5,ENTREZ_2707,GJB3
logistic,500,5,ENTREZ_8833,GMPS
logistic,500,5,ENTREZ_2813,GP2
logistic,500,5,ENTREZ_23171,GPD1L
logistic,500,5,ENTREZ_26996,GPR160
logistic,500,5,ENTREZ_27202,GPR77
logistic,500,5,ENTREZ_27198,GPR81
logistic,500,5,ENTREZ_9687,GREB1
logistic,500,5,ENTREZ_2925,GRPR
logistic,500,5,ENTREZ_83903,GSG2
logistic,500,5,ENTREZ_23560,GTPBP4
logistic,500,5,ENTREZ_51512,GTSE1
logistic,500,5,ENTREZ_145864,HAPLN3
logistic,500,5,ENTREZ_55733,HHAT
logistic,500,5,ENTREZ_55355,HJURP
logistic,500,5,ENTREZ_3159,HMGA1
logistic,500,5,ENTREZ_84072,HORMAD1
logistic,500,5,ENTREZ_3475,IFRD1
logistic,500,5,ENTREZ_10643,IGF2BP3
logistic,500,5,ENTREZ_3483,IGFALS
logistic,500,5,ENTREZ_3595,IL12RB2
logistic,500,5,ENTREZ_3608,ILF2
logistic,500,5,ENTREZ_27160,INGX
logistic,500,5,ENTREZ_8821,INPP4B
logistic,500,5,ENTREZ_27124,INPP5J
logistic,500,5,ENTREZ_3712,IVD
logistic,500,5,ENTREZ_56888,KCMF1
logistic,500,5,ENTREZ_3755,KCNG1
logistic,500,5,ENTREZ_3767,KCNJ11
logistic,500,5,ENTREZ_60598,KCNK15
logistic,500,5,ENTREZ_8645,KCNK5
logistic,500,5,ENTREZ_3783,KCNN4
logistic,500,5,ENTREZ_9132,KCNQ4
logistic,500,5,ENTREZ_23030,KDM4B
logistic,500,5,ENTREZ_9933,KIAA0020
logistic,500,5,ENTREZ_9674,KIAA0040
logistic,500,5,ENTREZ_9812,KIAA0141
logistic,500,5,ENTREZ_9778,KIAA0232
logistic,500,5,ENTREZ_57535,KIAA1324
logistic,500,5,ENTREZ_56204,KIAA1370
logistic,500,5,ENTREZ_9928,KIF14
logistic,500,5,ENTREZ_81930,KIF18A
logistic,500,5,ENTREZ_146909,KIF18B
logistic,500,5,ENTREZ_10112,KIF20A
logistic,500,5,ENTREZ_9493,KIF23
logistic,500,5,ENTREZ_11004,KIF2C
logistic,500,5,ENTREZ_24137,KIF4A
logistic,500,5,ENTREZ_3833,KIFC1
logistic,500,5,ENTREZ_5653,KLK6
logistic,500,5,ENTREZ_3838,KPNA2
logistic,500,5,ENTREZ_3868,KRT16
logistic,500,5,ENTREZ_3875,KRT18
logistic,500,5,ENTREZ_3857,KRT9
logistic,500,5,ENTREZ_91133,L3MBTL4
logistic,500,5,ENTREZ_3945,LDHB
logistic,500,5,ENTREZ_93273,LEMD1
logistic,500,5,ENTREZ_51474,LIMA1
logistic,500,5,ENTREZ_4010,LMX1B
logistic,500,5,ENTREZ_100130148,MAPT-IT1
logistic,500,5,ENTREZ_145837,DRAIC
logistic,500,5,ENTREZ_284578,MFSD4A-AS1
logistic,500,5,ENTREZ_285629,LINC02159
logistic,500,5,ENTREZ_84740,AFAP1-AS1
logistic,500,5,ENTREZ_84856,LINC00839
logistic,500,5,ENTREZ_164832,LONRF2
logistic,500,5,ENTREZ_23175,LPIN1
logistic,500,5,ENTREZ_26018,LRIG1
logistic,500,5,ENTREZ_7804,LRP8
logistic,500,5,ENTREZ_90506,LRRC46
logistic,500,5,ENTREZ_83450,LRRC48
logistic,500,5,ENTREZ_220074,LRTOMT
logistic,500,5,ENTREZ_4085,MAD2L1
logistic,500,5,ENTREZ_4115,MAGEB4
logistic,500,5,ENTREZ_10916,MAGED2
logistic,500,5,ENTREZ_4116,MAGOH
logistic,500,5,ENTREZ_23324,MAN2B2
logistic,500,5,ENTREZ_7786,MAP3K12
logistic,500,5,ENTREZ_4137,MAPT
logistic,500,5,ENTREZ_8785,MATN4
logistic,500,5,ENTREZ_64087,MCCC2
logistic,500,5,ENTREZ_55388,MCM10
logistic,500,5,ENTREZ_4171,MCM2
logistic,500,5,ENTREZ_4175,MCM6
logistic,500,5,ENTREZ_4176,MCM7
logistic,500,5,ENTREZ_9833,MELK
logistic,500,5,ENTREZ_51072,MEMO1
logistic,500,5,ENTREZ_4241,MFI2
logistic,500,5,ENTREZ_81854,MGC3771
logistic,500,5,ENTREZ_8190,MIA
logistic,500,5,ENTREZ_85377,MICALL1
logistic,500,5,ENTREZ_57496,MKL2
logistic,500,5,ENTREZ_79083,MLPH
logistic,500,5,ENTREZ_25902,MTHFD1L
logistic,500,5,ENTREZ_4602,MYB
logistic,500,5,ENTREZ_4605,MYBL2
logistic,500,5,ENTREZ_55930,MYO5C
logistic,500,5,ENTREZ_25924,MYRIP
logistic,500,5,ENTREZ_9,NAT1
logistic,500,5,ENTREZ_9918,NCAPD2
logistic,500,5,ENTREZ_64151,NCAPG
logistic,500,5,ENTREZ_23397,NCAPH
logistic,500,5,ENTREZ_8440,NCK2
logistic,500,5,ENTREZ_100188953,NCRNA00092
logistic,500,5,ENTREZ_378825,NCRNA00162
logistic,500,5,ENTREZ_10403,NDC80
logistic,500,5,ENTREZ_55247,NEIL3
logistic,500,5,ENTREZ_152110,NEK10
logistic,500,5,ENTREZ_341676,NEK5
logistic,500,5,ENTREZ_91754,NEK9
logistic,500,5,ENTREZ_115677,NOSTRIN
logistic,500,5,ENTREZ_7101,NR2E1
logistic,500,5,ENTREZ_64943,NT5DC2
logistic,500,5,ENTREZ_83594,NUDT12
logistic,500,5,ENTREZ_11164,NUDT5
logistic,500,5,ENTREZ_83540,NUF2
logistic,500,5,ENTREZ_9688,NUP93
logistic,500,5,ENTREZ_158046,NXNL2
logistic,500,5,ENTREZ_4948,OCA2
logistic,500,5,ENTREZ_11339,OIP5
logistic,500,5,ENTREZ_55301,OLAH
logistic,500,5,ENTREZ_4986,OPRK1
logistic,500,5,ENTREZ_4998,ORC1L
logistic,500,5,ENTREZ_23594,ORC6L
logistic,500,5,ENTREZ_54681,P4HTM
logistic,500,5,ENTREZ_11240,PADI2
logistic,500,5,ENTREZ_55003,PAK1IP1
logistic,500,5,ENTREZ_9061,PAPSS1
logistic,500,5,ENTREZ_84105,PCBD2
logistic,500,5,ENTREZ_126006,PCP2
logistic,500,5,ENTREZ_54760,PCSK4
logistic,500,5,ENTREZ_10130,PDIA6
logistic,500,5,ENTREZ_23590,PDSS1
logistic,500,5,ENTREZ_54858,PGPEP1
logistic,500,5,ENTREZ_5241,PGR
logistic,500,5,ENTREZ_23338,PHF15
logistic,500,5,ENTREZ_26227,PHGDH
logistic,500,5,ENTREZ_80119,PIF1
logistic,500,5,ENTREZ_5347,PLK1
logistic,500,5,ENTREZ_5351,PLOD1
logistic,500,5,ENTREZ_135293,PM20D2
logistic,500,5,ENTREZ_10721,POLQ
logistic,500,5,ENTREZ_10940,POP1
logistic,500,5,ENTREZ_5457,POU4F1
logistic,500,5,ENTREZ_5460,POU5F1
logistic,500,5,ENTREZ_81706,PPP1R14C
logistic,500,5,ENTREZ_9055,PRC1
logistic,500,5,ENTREZ_57580,PREX1
logistic,500,5,ENTREZ_5613,PRKX
logistic,500,5,ENTREZ_222171,PRR15
logistic,500,5,ENTREZ_285368,PRRT3
logistic,500,5,ENTREZ_260429,PRSS33
logistic,500,5,ENTREZ_29968,PSAT1
logistic,500,5,ENTREZ_5690,PSMB2
logistic,500,5,ENTREZ_11122,PTPRT
logistic,500,5,ENTREZ_9232,PTTG1
logistic,500,5,ENTREZ_5806,PTX3
logistic,500,5,ENTREZ_64284,RAB17
logistic,500,5,ENTREZ_9135,RABEP1
logistic,500,5,ENTREZ_5888,RAD51
logistic,500,5,ENTREZ_10635,RAD51AP1
logistic,500,5,ENTREZ_8438,RAD54L
logistic,500,5,ENTREZ_154064,RAET1L
logistic,500,5,ENTREZ_10742,RAI2
logistic,500,5,ENTREZ_55103,RALGPS2
logistic,500,5,ENTREZ_5902,RANBP1
logistic,500,5,ENTREZ_5914,RARA
logistic,500,5,ENTREZ_255426,RASGEF1C
logistic,500,5,ENTREZ_84991,RBM17
logistic,500,5,ENTREZ_54502,RBM47
logistic,500,5,ENTREZ_7905,REEP5
logistic,500,5,ENTREZ_92840,REEP6
logistic,500,5,ENTREZ_85004,RERG
logistic,500,5,ENTREZ_5984,RFC4
logistic,500,5,ENTREZ_56963,RGMA
logistic,500,5,ENTREZ_5995,RGR
logistic,500,5,ENTREZ_8601,RGS20
logistic,500,5,ENTREZ_26166,RGS22
logistic,500,5,ENTREZ_51458,RHCG
logistic,500,5,ENTREZ_388,RHOB
logistic,500,5,ENTREZ_83732,RIOK1
logistic,500,5,ENTREZ_8767,RIPK2
logistic,500,5,ENTREZ_246243,RNASEH1
logistic,500,5,ENTREZ_27289,RND1
logistic,500,5,ENTREZ_7844,RNF103
logistic,500,5,ENTREZ_54763,ROPN1
logistic,500,5,ENTREZ_152015,ROPN1B
logistic,500,5,ENTREZ_22934,RPIA
logistic,500,5,ENTREZ_6241,RRM2
logistic,500,5,ENTREZ_89765,RSPH1
logistic,500,5,ENTREZ_146923,RUNDC1
logistic,500,5,ENTREZ_29970,SCHIP1
logistic,500,5,ENTREZ_6337,SCNN1A
logistic,500,5,ENTREZ_11341,SCRG1
logistic,500,5,ENTREZ_57758,SCUBE2
logistic,500,5,ENTREZ_51091,SEPSECS
logistic,500,5,ENTREZ_26135,SERBP1
logistic,500,5,ENTREZ_256394,SERPINA11
logistic,500,5,ENTREZ_6422,SFRP1
logistic,500,5,ENTREZ_135295,SFRS13B
logistic,500,5,ENTREZ_375035,SFT2D2
logistic,500,5,ENTREZ_151648,SGOL1
logistic,500,5,ENTREZ_79801,SHCBP1
logistic,500,5,ENTREZ_54847,SIDT1
logistic,500,5,ENTREZ_220134,SKA1
logistic,500,5,ENTREZ_221150,SKA3
logistic,500,5,ENTREZ_6500,SKP1
logistic,500,5,ENTREZ_6564,SLC15A1
logistic,500,5,ENTREZ_9120,SLC16A6
logistic,500,5,ENTREZ_6584,SLC22A5
logistic,500,5,ENTREZ_115019,SLC26A9
logistic,500,5,ENTREZ_25800,SLC39A6
logistic,500,5,ENTREZ_80736,SLC44A4
logistic,500,5,ENTREZ_9498,SLC4A8
logistic,500,5,ENTREZ_6530,SLC6A2
logistic,500,5,ENTREZ_8140,SLC7A5
logistic,500,5,ENTREZ_23428,SLC7A8
logistic,500,5,ENTREZ_6664,SOX11
logistic,500,5,ENTREZ_25803,SPDEF
logistic,500,5,ENTREZ_25876,SPEF1
logistic,500,5,ENTREZ_79925,SPEF2
logistic,500,5,ENTREZ_6732,SRPK1
logistic,500,5,ENTREZ_6769,STAC
logistic,500,5,ENTREZ_6491,STIL
logistic,500,5,ENTREZ_3925,STMN1
logistic,500,5,ENTREZ_6821,SUOX
logistic,500,5,ENTREZ_203328,SUSD3
logistic,500,5,ENTREZ_79723,SUV39H2
logistic,500,5,ENTREZ_55638,SYBU
logistic,500,5,ENTREZ_143425,SYT9
logistic,500,5,ENTREZ_54843,SYTL2
logistic,500,5,ENTREZ_94121,SYTL4
logistic,500,5,ENTREZ_94122,SYTL5
logistic,500,5,ENTREZ_93624,TADA2B
logistic,500,5,ENTREZ_23158,TBC1D9
logistic,500,5,ENTREZ_9095,TBX19
logistic,500,5,ENTREZ_9338,TCEAL1
logistic,500,5,ENTREZ_6941,TCF19
logistic,500,5,ENTREZ_23371,TENC1
logistic,500,5,ENTREZ_54881,TEX10
logistic,500,5,ENTREZ_7031,TFF1
logistic,500,5,ENTREZ_7033,TFF3
logistic,500,5,ENTREZ_79875,THSD4
logistic,500,5,ENTREZ_166815,TIGD2
logistic,500,5,ENTREZ_7090,TLE3
logistic,500,5,ENTREZ_30012,TLX3
logistic,500,5,ENTREZ_51643,TMBIM4
logistic,500,5,ENTREZ_7009,TMBIM6
logistic,500,5,ENTREZ_79838,TMC5
logistic,500,5,ENTREZ_9911,TMCC2
logistic,500,5,ENTREZ_55314,TMEM144
logistic,500,5,ENTREZ_84866,TMEM25
logistic,500,5,ENTREZ_55116,TMEM39B
logistic,500,5,ENTREZ_57156,TMEM63C
logistic,500,5,ENTREZ_94241,TP53INP1
logistic,500,5,ENTREZ_285386,TPRG1
logistic,500,5,ENTREZ_22974,TPX2
logistic,500,5,ENTREZ_10612,TRIM3
logistic,500,5,ENTREZ_9319,TRIP13
logistic,500,5,ENTREZ_10024,TROAP
logistic,500,5,ENTREZ_10103,TSPAN1
logistic,500,5,ENTREZ_27075,TSPAN13
logistic,500,5,ENTREZ_143941,TTC36
logistic,500,5,ENTREZ_22996,TTC39A
logistic,500,5,ENTREZ_123016,TTC8
logistic,500,5,ENTREZ_7272,TTK
logistic,500,5,ENTREZ_9654,TTLL4
logistic,500,5,ENTREZ_57348,TTYH1
logistic,500,5,ENTREZ_84790,TUBA1C
logistic,500,5,ENTREZ_203068,TUBB
logistic,500,5,ENTREZ_11065,UBE2C
logistic,500,5,ENTREZ_29089,UBE2T
logistic,500,5,ENTREZ_127733,UBXN10
logistic,500,5,ENTREZ_165324,UBXN2A
logistic,500,5,ENTREZ_7371,UCK2
logistic,500,5,ENTREZ_7368,UGT8
logistic,500,5,ENTREZ_79465,ULBP3
logistic,500,5,ENTREZ_7388,UQCRH
logistic,500,5,ENTREZ_440567,UQCRHL
logistic,500,5,ENTREZ_51118,UTP11L
logistic,500,5,ENTREZ_10451,VAV3
logistic,500,5,ENTREZ_51442,VGLL1
logistic,500,5,ENTREZ_57728,WDR19
logistic,500,5,ENTREZ_7466,WFS1
logistic,500,5,ENTREZ_7475,WNT6
logistic,500,5,ENTREZ_11059,WWP1
logistic,500,5,ENTREZ_7494,XBP1
logistic,500,5,ENTREZ_57510,XPO5
logistic,500,5,ENTREZ_4904,YBX1
logistic,500,5,ENTREZ_55689,YEATS2
logistic,500,5,ENTREZ_124220,ZG16B
logistic,500,5,ENTREZ_51364,ZMYND10
logistic,500,5,ENTREZ_79818,ZNF552
logistic,500,5,ENTREZ_57116,ZNF695
logistic,500,5,ENTREZ_80139,ZNF703
