model,panel_size,fold,feature_id,gene_symbol
random_forest,1,1,ENTREZ_3169,FOXA1
random_forest,1,2,ENTREZ_3169,FOXA1
random_forest,1,3,ENTREZ_3169,FOXA1
random_forest,1,4,ENTREZ_3169,FOXA1
random_forest,1,5,ENTREZ_3169,FOXA1
random_forest,2,1,ENTREZ_2099,ESR1
random_forest,2,1,ENTREZ_3169,FOXA1
random_forest,2,2,ENTREZ_2099,ESR1
random_forest,2,2,ENTREZ_3169,FOXA1
random_forest,2,3,ENTREZ_2099,ESR1
random_forest,2,3,ENTREZ_3169,FOXA1
random_forest,2,4,ENTREZ_2099,ESR1
random_forest,2,4,ENTREZ_3169,FOXA1
random_forest,2,5,ENTREZ_155465,AGR3
random_forest,2,5,ENTREZ_3169,FOXA1
random_forest,5,1,ENTREZ_155465,AGR3
random_forest,5,1,ENTREZ_2099,ESR1
random_forest,5,1,ENTREZ_3169,FOXA1
random_forest,5,1,ENTREZ_2296,FOXC1
random_forest,5,1,ENTREZ_79083,MLPH
random_forest,5,2,ENTREZ_155465,AGR3
random_forest,5,2,ENTREZ_2099,ESR1
random_forest,5,2,ENTREZ_3169,FOXA1
random_forest,5,2,ENTREZ_2296,FOXC1
random_forest,5,2,ENTREZ_79083,MLPH
random_forest,5,3,ENTREZ_155465,AGR3
random_forest,5,3,ENTREZ_2099,ESR1
random_forest,5,3,ENTREZ_3169,FOXA1
random_forest,5,3,ENTREZ_2296,FOXC1
random_forest,5,3,ENTREZ_79083,MLPH
random_forest,5,4,ENTREZ_155465,AGR3
random_forest,5,4,ENTREZ_2099,ESR1
random_forest,5,4,ENTREZ_3169,FOXA1
random_forest,5,4,ENTREZ_2296,FOXC1
random_forest,5,4,ENTREZ_79083,MLPH
random_forest,5,5,ENTREZ_155465,AGR3
random_forest,5,5,ENTREZ_2099,ESR1
random_forest,5,5,ENTREZ_3169,FOXA1
random_forest,5,5,ENTREZ_2296,FOXC1
random_forest,5,5,ENTREZ_79083,MLPH
random_forest,10,1,ENTREZ_10551,AGR2
random_forest,10,1,ENTREZ_155465,AGR3
random_forest,10,1,ENTREZ_2099,ESR1
random_forest,10,1,ENTREZ_3169,FOXA1
random_forest,10,1,ENTREZ_2296,FOXC1
random_forest,10,1,ENTREZ_79083,MLPH
random_forest,10,1,ENTREZ_222171,PRR15
random_forest,10,1,ENTREZ_80736,SLC44A4
random_forest,10,1,ENTREZ_25803,SPDEF
random_forest,10,1,ENTREZ_7494,XBP1
random_forest,10,2,ENTREZ_155465,AGR3
random_forest,10,2,ENTREZ_80129,C6orf97
random_forest,10,2,ENTREZ_2099,ESR1
random_forest,10,2,ENTREZ_3169,FOXA1
random_forest,10,2,ENTREZ_2296,FOXC1
random_forest,10,2,ENTREZ_79083,MLPH
random_forest,10,2,ENTREZ_222171,PRR15
random_forest,10,2,ENTREZ_80736,SLC44A4
random_forest,10,2,ENTREZ_25803,SPDEF
random_forest,10,2,ENTREZ_7494,XBP1
random_forest,10,3,ENTREZ_155465,AGR3
random_forest,10,3,ENTREZ_80129,C6orf97
random_forest,10,3,ENTREZ_2099,ESR1
random_forest,10,3,ENTREZ_3169,FOXA1
random_forest,10,3,ENTREZ_2296,FOXC1
random_forest,10,3,ENTREZ_2625,GATA3
random_forest,10,3,ENTREZ_27202,GPR77
random_forest,10,3,ENTREZ_79083,MLPH
random_forest,10,3,ENTREZ_25803,SPDEF
random_forest,10,3,ENTREZ_7494,XBP1
random_forest,10,4,ENTREZ_155465,AGR3
random_forest,10,4,ENTREZ_80129,C6orf97
random_forest,10,4,ENTREZ_2099,ESR1
random_forest,10,4,ENTREZ_3169,FOXA1
random_forest,10,4,ENTREZ_2296,FOXC1
random_forest,10,4,ENTREZ_79083,MLPH
random_forest,10,4,ENTREZ_222171,PRR15
random_forest,10,4,ENTREZ_25803,SPDEF
random_forest,10,4,ENTREZ_23158,TBC1D9
random_forest,10,4,ENTREZ_7494,XBP1
random_forest,10,5,ENTREZ_10551,AGR2
random_forest,10,5,ENTREZ_155465,AGR3
random_forest,10,5,ENTREZ_80129,C6orf97
random_forest,10,5,ENTREZ_2099,ESR1
random_forest,10,5,ENTREZ_3169,FOXA1
random_forest,10,5,ENTREZ_2296,FOXC1
random_forest,10,5,ENTREZ_79083,MLPH
random_forest,10,5,ENTREZ_25803,SPDEF
random_forest,10,5,ENTREZ_23158,TBC1D9
random_forest,10,5,ENTREZ_7494,XBP1
random_forest,20,1,ENTREZ_10551,AGR2
random_forest,20,1,ENTREZ_155465,AGR3
random_forest,20,1,ENTREZ_80129,C6orf97
random_forest,20,1,ENTREZ_771,CA12
random_forest,20,1,ENTREZ_196993,CT62
random_forest,20,1,ENTREZ_2066,ERBB4
random_forest,20,1,ENTREZ_2099,ESR1
random_forest,20,1,ENTREZ_3169,FOXA1
random_forest,20,1,ENTREZ_2296,FOXC1
random_forest,20,1,ENTREZ_2625,GATA3
random_forest,20,1,ENTREZ_27202,GPR77
random_forest,20,1,ENTREZ_79083,MLPH
random_forest,20,1,ENTREZ_222171,PRR15
random_forest,20,1,ENTREZ_54763,ROPN1
random_forest,20,1,ENTREZ_135295,SFRS13B
random_forest,20,1,ENTREZ_80736,SLC44A4
random_forest,20,1,ENTREZ_25803,SPDEF
random_forest,20,1,ENTREZ_23158,TBC1D9
random_forest,20,1,ENTREZ_79875,THSD4
random_forest,20,1,ENTREZ_7494,XBP1
random_forest,20,2,ENTREZ_10551,AGR2
random_forest,20,2,ENTREZ_155465,AGR3
random_forest,20,2,ENTREZ_80129,C6orf97
random_forest,20,2,ENTREZ_771,CA12
random_forest,20,2,ENTREZ_196993,CT62
random_forest,20,2,ENTREZ_7802,DNALI1
random_forest,20,2,ENTREZ_2099,ESR1
random_forest,20,2,ENTREZ_3169,FOXA1
random_forest,20,2,ENTREZ_2296,FOXC1
random_forest,20,2,ENTREZ_2625,GATA3
random_forest,20,2,ENTREZ_27202,GPR77
random_forest,20,2,ENTREZ_79083,MLPH
random_forest,20,2,ENTREZ_222171,PRR15
random_forest,20,2,ENTREZ_135295,SFRS13B
random_forest,20,2,ENTREZ_80736,SLC44A4
random_forest,20,2,ENTREZ_25803,SPDEF
random_forest,20,2,ENTREZ_23158,TBC1D9
random_forest,20,2,ENTREZ_7033,TFF3
random_forest,20,2,ENTREZ_79875,THSD4
random_forest,20,2,ENTREZ_7494,XBP1
random_forest,20,3,ENTREZ_10551,AGR2
random_forest,20,3,ENTREZ_155465,AGR3
random_forest,20,3,ENTREZ_80129,C6orf97
random_forest,20,3,ENTREZ_771,CA12
random_forest,20,3,ENTREZ_196993,CT62
random_forest,20,3,ENTREZ_7802,DNALI1
random_forest,20,3,ENTREZ_2099,ESR1
random_forest,20,3,ENTREZ_3169,FOXA1
random_forest,20,3,ENTREZ_2296,FOXC1
random_forest,20,3,ENTREZ_2625,GATA3
random_forest,20,3,ENTREZ_27202,GPR77
random_forest,20,3,ENTREZ_79083,MLPH
random_forest,20,3,ENTREZ_222171,PRR15
random_forest,20,3,ENTREZ_54763,ROPN1
random_forest,20,3,ENTREZ_135295,SFRS13B
random_forest,20,3,ENTREZ_80736,SLC44A4
random_forest,20,3,ENTREZ_25803,SPDEF
random_forest,20,3,ENTREZ_23158,TBC1D9
random_forest,20,3,ENTREZ_79875,THSD4
random_forest,20,3,ENTREZ_7494,XBP1
random_forest,20,4,ENTREZ_10551,AGR2
random_forest,20,4,ENTREZ_155465,AGR3
random_forest,20,4,ENTREZ_80129,C6orf97
random_forest,20,4,ENTREZ_771,CA12
random_forest,20,4,ENTREZ_196993,CT62
random_forest,20,4,ENTREZ_7802,DNALI1
random_forest,20,4,ENTREZ_2066,ERBB4
random_forest,20,4,ENTREZ_2099,ESR1
random_forest,20,4,ENTREZ_3169,FOXA1
random_forest,20,4,ENTREZ_2296,FOXC1
random_forest,20,4,ENTREZ_2625,GATA3
random_forest,20,4,ENTREZ_27202,GPR77
random_forest,20,4,ENTREZ_79083,MLPH
random_forest,20,4,ENTREZ_222171,PRR15
random_forest,20,4,ENTREZ_54763,ROPN1
random_forest,20,4,ENTREZ_80736,SLC44A4
random_forest,20,4,ENTREZ_25803,SPDEF
random_forest,20,4,ENTREZ_23158,TBC1D9
random_forest,20,4,ENTREZ_79875,THSD4
random_forest,20,4,ENTREZ_7494,XBP1
random_forest,20,5,ENTREZ_10551,AGR2
random_forest,20,5,ENTREZ_155465,AGR3
random_forest,20,5,ENTREZ_80129,C6orf97
random_forest,20,5,ENTREZ_771,CA12
random_forest,20,5,ENTREZ_196993,CT62
random_forest,20,5,ENTREZ_2066,ERBB4
random_forest,20,5,ENTREZ_2099,ESR1
random_forest,20,5,ENTREZ_3169,FOXA1
random_forest,20,5,ENTREZ_2296,FOXC1
random_forest,20,5,ENTREZ_2625,GATA3
random_forest,20,5,ENTREZ_27202,GPR77
random_forest,20,5,ENTREZ_79083,MLPH
random_forest,20,5,ENTREZ_222171,PRR15
random_forest,20,5,ENTREZ_54763,ROPN1
random_forest,20,5,ENTREZ_135295,SFRS13B
random_forest,20,5,ENTREZ_80736,SLC44A4
random_forest,20,5,ENTREZ_25803,SPDEF
random_forest,20,5,ENTREZ_23158,TBC1D9
random_forest,20,5,ENTREZ_79875,THSD4
random_forest,20,5,ENTREZ_7494,XBP1
random_forest,50,1,ENTREZ_3899,AFF3
random_forest,50,1,ENTREZ_10551,AGR2
random_forest,50,1,ENTREZ_155465,AGR3
random_forest,50,1,ENTREZ_8416,ANXA9
random_forest,50,1,ENTREZ_367,AR
random_forest,50,1,ENTREZ_419,ART3
random_forest,50,1,ENTREZ_84002,B3GNT5
random_forest,50,1,ENTREZ_8537,BCAS1
random_forest,50,1,ENTREZ_149563,C1orf64
random_forest,50,1,ENTREZ_80129,C6orf97
random_forest,50,1,ENTREZ_401546,C9orf152
random_forest,50,1,ENTREZ_771,CA12
random_forest,50,1,ENTREZ_898,CCNE1
random_forest,50,1,ENTREZ_140578,CHODL
random_forest,50,1,ENTREZ_134147,CMBL
random_forest,50,1,ENTREZ_196993,CT62
random_forest,50,1,ENTREZ_123099,DEGS2
random_forest,50,1,ENTREZ_7802,DNALI1
random_forest,50,1,ENTREZ_2066,ERBB4
random_forest,50,1,ENTREZ_2099,ESR1
random_forest,50,1,ENTREZ_100129583,FAM47E
random_forest,50,1,ENTREZ_3169,FOXA1
random_forest,50,1,ENTREZ_2296,FOXC1
random_forest,50,1,ENTREZ_161835,FSIP1
random_forest,50,1,ENTREZ_8326,FZD9
random_forest,50,1,ENTREZ_9568,GABBR2
random_forest,50,1,ENTREZ_2625,GATA3
random_forest,50,1,ENTREZ_26996,GPR160
random_forest,50,1,ENTREZ_27202,GPR77
random_forest,50,1,ENTREZ_84072,HORMAD1
random_forest,50,1,ENTREZ_3767,KCNJ11
random_forest,50,1,ENTREZ_93273,LEMD1
random_forest,50,1,ENTREZ_145837,DRAIC
random_forest,50,1,ENTREZ_79083,MLPH
random_forest,50,1,ENTREZ_222171,PRR15
random_forest,50,1,ENTREZ_54763,ROPN1
random_forest,50,1,ENTREZ_135295,SFRS13B
random_forest,50,1,ENTREZ_54847,SIDT1
random_forest,50,1,ENTREZ_6584,SLC22A5
random_forest,50,1,ENTREZ_80736,SLC44A4
random_forest,50,1,ENTREZ_23428,SLC7A8
random_forest,50,1,ENTREZ_25803,SPDEF
random_forest,50,1,ENTREZ_23158,TBC1D9
random_forest,50,1,ENTREZ_7031,TFF1
random_forest,50,1,ENTREZ_7033,TFF3
random_forest,50,1,ENTREZ_79875,THSD4
random_forest,50,1,ENTREZ_51442,VGLL1
random_forest,50,1,ENTREZ_7494,XBP1
random_forest,50,1,ENTREZ_51364,ZMYND10
random_forest,50,1,ENTREZ_79818,ZNF552
random_forest,50,2,ENTREZ_6833,ABCC8
random_forest,50,2,ENTREZ_3899,AFF3
random_forest,50,2,ENTREZ_10551,AGR2
random_forest,50,2,ENTREZ_155465,AGR3
random_forest,50,2,ENTREZ_8416,ANXA9
random_forest,50,2,ENTREZ_367,AR
random_forest,50,2,ENTREZ_419,ART3
random_forest,50,2,ENTREZ_84002,B3GNT5
random_forest,50,2,ENTREZ_149563,C1orf64
random_forest,50,2,ENTREZ_80129,C6orf97
random_forest,50,2,ENTREZ_771,CA12
random_forest,50,2,ENTREZ_92291,CAPN13
random_forest,50,2,ENTREZ_898,CCNE1
random_forest,50,2,ENTREZ_140578,CHODL
random_forest,50,2,ENTREZ_134147,CMBL
random_forest,50,2,ENTREZ_196993,CT62
random_forest,50,2,ENTREZ_123099,DEGS2
random_forest,50,2,ENTREZ_7802,DNALI1
random_forest,50,2,ENTREZ_2066,ERBB4
random_forest,50,2,ENTREZ_2099,ESR1
random_forest,50,2,ENTREZ_100129583,FAM47E
random_forest,50,2,ENTREZ_399717,GATA3-AS1
random_forest,50,2,ENTREZ_3169,FOXA1
random_forest,50,2,ENTREZ_2296,FOXC1
random_forest,50,2,ENTREZ_161835,FSIP1
random_forest,50,2,ENTREZ_8326,FZD9
random_forest,50,2,ENTREZ_2625,GATA3
random_forest,50,2,ENTREZ_27202,GPR77
random_forest,50,2,ENTREZ_84072,HORMAD1
random_forest,50,2,ENTREZ_3475,IFRD1
random_forest,50,2,ENTREZ_3767,KCNJ11
random_forest,50,2,ENTREZ_93273,LEMD1
random_forest,50,2,ENTREZ_145837,DRAIC
random_forest,50,2,ENTREZ_79083,MLPH
random_forest,50,2,ENTREZ_222171,PRR15
random_forest,50,2,ENTREZ_29968,PSAT1
random_forest,50,2,ENTREZ_54763,ROPN1
random_forest,50,2,ENTREZ_135295,SFRS13B
random_forest,50,2,ENTREZ_54847,SIDT1
random_forest,50,2,ENTREZ_80736,SLC44A4
random_forest,50,2,ENTREZ_23428,SLC7A8
random_forest,50,2,ENTREZ_25803,SPDEF
random_forest,50,2,ENTREZ_23158,TBC1D9
random_forest,50,2,ENTREZ_7031,TFF1
random_forest,50,2,ENTREZ_7033,TFF3
random_forest,50,2,ENTREZ_79875,THSD4
random_forest,50,2,ENTREZ_51442,VGLL1
random_forest,50,2,ENTREZ_7494,XBP1
random_forest,50,2,ENTREZ_51364,ZMYND10
random_forest,50,2,ENTREZ_79818,ZNF552
random_forest,50,3,ENTREZ_144568,A2ML1
random_forest,50,3,ENTREZ_10551,AGR2
random_forest,50,3,ENTREZ_155465,AGR3
random_forest,50,3,ENTREZ_8416,ANXA9
random_forest,50,3,ENTREZ_367,AR
random_forest,50,3,ENTREZ_419,ART3
random_forest,50,3,ENTREZ_84002,B3GNT5
random_forest,50,3,ENTREZ_149563,C1orf64
random_forest,50,3,ENTREZ_80129,C6orf97
random_forest,50,3,ENTREZ_771,CA12
random_forest,50,3,ENTREZ_898,CCNE1
random_forest,50,3,ENTREZ_1058,CENPA
random_forest,50,3,ENTREZ_140578,CHODL
random_forest,50,3,ENTREZ_134147,CMBL
random_forest,50,3,ENTREZ_196993,CT62
random_forest,50,3,ENTREZ_123099,DEGS2
random_forest,50,3,ENTREZ_7802,DNALI1
random_forest,50,3,ENTREZ_2066,ERBB4
random_forest,50,3,ENTREZ_2099,ESR1
random_forest,50,3,ENTREZ_100129583,FAM47E
random_forest,50,3,ENTREZ_399717,GATA3-AS1
random_forest,50,3,ENTREZ_3169,FOXA1
random_forest,50,3,ENTREZ_2296,FOXC1
random_forest,50,3,ENTREZ_161835,FSIP1
random_forest,50,3,ENTREZ_2625,GATA3
random_forest,50,3,ENTREZ_27202,GPR77
random_forest,50,3,ENTREZ_84072,HORMAD1
random_forest,50,3,ENTREZ_3767,KCNJ11
random_forest,50,3,ENTREZ_93273,LEMD1
random_forest,50,3,ENTREZ_145837,DRAIC
random_forest,50,3,ENTREZ_79083,MLPH
random_forest,50,3,ENTREZ_81706,PPP1R14C
random_forest,50,3,ENTREZ_222171,PRR15
random_forest,50,3,ENTREZ_29968,PSAT1
random_forest,50,3,ENTREZ_54763,ROPN1
random_forest,50,3,ENTREZ_57758,SCUBE2
random_forest,50,3,ENTREZ_135295,SFRS13B
random_forest,50,3,ENTREZ_54847,SIDT1
random_forest,50,3,ENTREZ_6584,SLC22A5
random_forest,50,3,ENTREZ_80736,SLC44A4
random_forest,50,3,ENTREZ_23428,SLC7A8
random_forest,50,3,ENTREZ_25803,SPDEF
random_forest,50,3,ENTREZ_23158,TBC1D9
random_forest,50,3,ENTREZ_7031,TFF1
random_forest,50,3,ENTREZ_7033,TFF3
random_forest,50,3,ENTREZ_79875,THSD4
random_forest,50,3,ENTREZ_51442,VGLL1
random_forest,50,3,ENTREZ_7494,XBP1
random_forest,50,3,ENTREZ_51364,ZMYND10
random_forest,50,3,ENTREZ_79818,ZNF552
random_forest,50,4,ENTREZ_3899,AFF3
random_forest,50,4,ENTREZ_10551,AGR2
random_forest,50,4,ENTREZ_155465,AGR3
random_forest,50,4,ENTREZ_8416,ANXA9
random_forest,50,4,ENTREZ_367,AR
random_forest,50,4,ENTREZ_22901,ARSG
random_forest,50,4,ENTREZ_419,ART3
random_forest,50,4,ENTREZ_84002,B3GNT5
random_forest,50,4,ENTREZ_149563,C1orf64
random_forest,50,4,ENTREZ_80129,C6orf97
random_forest,50,4,ENTREZ_771,CA12
random_forest,50,4,ENTREZ_898,CCNE1
random_forest,50,4,ENTREZ_134147,CMBL
random_forest,50,4,ENTREZ_196993,CT62
random_forest,50,4,ENTREZ_203413,CXorf61
random_forest,50,4,ENTREZ_123099,DEGS2
random_forest,50,4,ENTREZ_7802,DNALI1
random_forest,50,4,ENTREZ_2066,ERBB4
random_forest,50,4,ENTREZ_2099,ESR1
random_forest,50,4,ENTREZ_399717,GATA3-AS1
random_forest,50,4,ENTREZ_3169,FOXA1
random_forest,50,4,ENTREZ_2296,FOXC1
random_forest,50,4,ENTREZ_161835,FSIP1
random_forest,50,4,ENTREZ_8326,FZD9
random_forest,50,4,ENTREZ_2625,GATA3
random_forest,50,4,ENTREZ_27202,GPR77
random_forest,50,4,ENTREZ_84072,HORMAD1
random_forest,50,4,ENTREZ_8821,INPP4B
random_forest,50,4,ENTREZ_3767,KCNJ11
random_forest,50,4,ENTREZ_93273,LEMD1
random_forest,50,4,ENTREZ_145837,DRAIC
random_forest,50,4,ENTREZ_79083,MLPH
random_forest,50,4,ENTREZ_4602,MYB
random_forest,50,4,ENTREZ_81706,PPP1R14C
random_forest,50,4,ENTREZ_222171,PRR15
random_forest,50,4,ENTREZ_29968,PSAT1
random_forest,50,4,ENTREZ_54763,ROPN1
random_forest,50,4,ENTREZ_135295,SFRS13B
random_forest,50,4,ENTREZ_54847,SIDT1
random_forest,50,4,ENTREZ_6584,SLC22A5
random_forest,50,4,ENTREZ_80736,SLC44A4
random_forest,50,4,ENTREZ_23428,SLC7A8
random_forest,50,4,ENTREZ_25803,SPDEF
random_forest,50,4,ENTREZ_23158,TBC1D9
random_forest,50,4,ENTREZ_7031,TFF1
random_forest,50,4,ENTREZ_7033,TFF3
random_forest,50,4,ENTREZ_79875,THSD4
random_forest,50,4,ENTREZ_7494,XBP1
random_forest,50,4,ENTREZ_51364,ZMYND10
random_forest,50,4,ENTREZ_79818,ZNF552
random_forest,50,5,ENTREZ_10551,AGR2
random_forest,50,5,ENTREZ_155465,AGR3
random_forest,50,5,ENTREZ_8416,ANXA9
random_forest,50,5,ENTREZ_367,AR
random_forest,50,5,ENTREZ_22901,ARSG
random_forest,50,5,ENTREZ_419,ART3
random_forest,50,5,ENTREZ_149563,C1orf64
random_forest,50,5,ENTREZ_80129,C6orf97
random_forest,50,5,ENTREZ_771,CA12
random_forest,50,5,ENTREZ_898,CCNE1
random_forest,50,5,ENTREZ_387103,CENPW
random_forest,50,5,ENTREZ_134147,CMBL
random_forest,50,5,ENTREZ_196993,CT62
random_forest,50,5,ENTREZ_203413,CXorf61
random_forest,50,5,ENTREZ_123099,DEGS2
random_forest,50,5,ENTREZ_7802,DNALI1
random_forest,50,5,ENTREZ_2066,ERBB4
random_forest,50,5,ENTREZ_2099,ESR1
random_forest,50,5,ENTREZ_2203,FBP1
random_forest,50,5,ENTREZ_3169,FOXA1
random_forest,50,5,ENTREZ_2296,FOXC1
random_forest,50,5,ENTREZ_161835,FSIP1
random_forest,50,5,ENTREZ_8326,FZD9
random_forest,50,5,ENTREZ_2625,GATA3
random_forest,50,5,ENTREZ_27202,GPR77
random_forest,50,5,ENTREZ_84072,HORMAD1
random_forest,50,5,ENTREZ_8821,INPP4B
random_forest,50,5,ENTREZ_3767,KCNJ11
random_forest,50,5,ENTREZ_93273,LEMD1
random_forest,50,5,ENTREZ_145837,DRAIC
random_forest,50,5,ENTREZ_4137,MAPT
random_forest,50,5,ENTREZ_79083,MLPH
random_forest,50,5,ENTREZ_81706,PPP1R14C
random_forest,50,5,ENTREZ_222171,PRR15
random_forest,50,5,ENTREZ_29968,PSAT1
random_forest,50,5,ENTREZ_54763,ROPN1
random_forest,50,5,ENTREZ_57758,SCUBE2
random_forest,50,5,ENTREZ_135295,SFRS13B
random_forest,50,5,ENTREZ_54847,SIDT1
random_forest,50,5,ENTREZ_6584,SLC22A5
random_forest,50,5,ENTREZ_80736,SLC44A4
random_forest,50,5,ENTREZ_23428,SLC7A8
random_forest,50,5,ENTREZ_25803,SPDEF
random_forest,50,5,ENTREZ_23158,TBC1D9
random_forest,50,5,ENTREZ_7031,TFF1
random_forest,50,5,ENTREZ_7033,TFF3
random_forest,50,5,ENTREZ_79875,THSD4
random_forest,50,5,ENTREZ_51442,VGLL1
random_forest,50,5,ENTREZ_7494,XBP1
random_forest,50,5,ENTREZ_79818,ZNF552
random_forest,100,1,ENTREZ_144568,A2ML1
random_forest,100,1,ENTREZ_18,ABAT
random_forest,100,1,ENTREZ_6833,ABCC8
random_forest,100,1,ENTREZ_36,ACADSB
random_forest,100,1,ENTREZ_3899,AFF3
random_forest,100,1,ENTREZ_10551,AGR2
random_forest,100,1,ENTREZ_155465,AGR3
random_forest,100,1,ENTREZ_8416,ANXA9
random_forest,100,1,ENTREZ_367,AR
random_forest,100,1,ENTREZ_22901,ARSG
random_forest,100,1,ENTREZ_419,ART3
random_forest,100,1,ENTREZ_84002,B3GNT5
random_forest,100,1,ENTREZ_8537,BCAS1
random_forest,100,1,ENTREZ_53335,BCL11A
random_forest,100,1,ENTREZ_283987,C17orf28
random_forest,100,1,ENTREZ_149563,C1orf64
random_forest,100,1,ENTREZ_201895,C4orf34
random_forest,100,1,ENTREZ_285600,C5orf36
random_forest,100,1,ENTREZ_80129,C6orf97
random_forest,100,1,ENTREZ_401546,C9orf152
random_forest,100,1,ENTREZ_401535,C9orf170
random_forest,100,1,ENTREZ_771,CA12
random_forest,100,1,ENTREZ_92291,CAPN13
random_forest,100,1,ENTREZ_388743,CAPN8
random_forest,100,1,ENTREZ_202243,CCDC125
random_forest,100,1,ENTREZ_898,CCNE1
random_forest,100,1,ENTREZ_55143,CDCA8
random_forest,100,1,ENTREZ_1058,CENPA
random_forest,100,1,ENTREZ_55839,CENPN
random_forest,100,1,ENTREZ_387103,CENPW
random_forest,100,1,ENTREZ_55165,CEP55
random_forest,100,1,ENTREZ_140578,CHODL
random_forest,100,1,ENTREZ_64084,CLSTN2
random_forest,100,1,ENTREZ_134147,CMBL
random_forest,100,1,ENTREZ_196993,CT62
random_forest,100,1,ENTREZ_203413,CXorf61
random_forest,100,1,ENTREZ_1556,CYP2B7P1
random_forest,100,1,ENTREZ_123099,DEGS2
random_forest,100,1,ENTREZ_7802,DNALI1
random_forest,100,1,ENTREZ_2066,ERBB4
random_forest,100,1,ENTREZ_2099,ESR1
random_forest,100,1,ENTREZ_221061,FAM171A1
random_forest,100,1,ENTREZ_100129583,FAM47E
random_forest,100,1,ENTREZ_2203,FBP1
random_forest,100,1,ENTREZ_399717,GATA3-AS1
random_forest,100,1,ENTREZ_3169,FOXA1
random_forest,100,1,ENTREZ_2296,FOXC1
random_forest,100,1,ENTREZ_161835,FSIP1
random_forest,100,1,ENTREZ_8326,FZD9
random_forest,100,1,ENTREZ_9568,GABBR2
random_forest,100,1,ENTREZ_2625,GATA3
random_forest,100,1,ENTREZ_26996,GPR160
random_forest,100,1,ENTREZ_27202,GPR77
random_forest,100,1,ENTREZ_9687,GREB1
random_forest,100,1,ENTREZ_84072,HORMAD1
random_forest,100,1,ENTREZ_3475,IFRD1
random_forest,100,1,ENTREZ_8821,INPP4B
random_forest,100,1,ENTREZ_27124,INPP5J
random_forest,100,1,ENTREZ_56888,KCMF1
random_forest,100,1,ENTREZ_3767,KCNJ11
random_forest,100,1,ENTREZ_3868,KRT16
random_forest,100,1,ENTREZ_93273,LEMD1
random_forest,100,1,ENTREZ_145837,DRAIC
random_forest,100,1,ENTREZ_4137,MAPT
random_forest,100,1,ENTREZ_85377,MICALL1
random_forest,100,1,ENTREZ_79083,MLPH
random_forest,100,1,ENTREZ_4602,MYB
random_forest,100,1,ENTREZ_9,NAT1
random_forest,100,1,ENTREZ_115677,NOSTRIN
random_forest,100,1,ENTREZ_4948,OCA2
random_forest,100,1,ENTREZ_55301,OLAH
random_forest,100,1,ENTREZ_23590,PDSS1
random_forest,100,1,ENTREZ_5241,PGR
random_forest,100,1,ENTREZ_81706,PPP1R14C
random_forest,100,1,ENTREZ_222171,PRR15
random_forest,100,1,ENTREZ_260429,PRSS33
random_forest,100,1,ENTREZ_29968,PSAT1
random_forest,100,1,ENTREZ_54763,ROPN1
random_forest,100,1,ENTREZ_152015,ROPN1B
random_forest,100,1,ENTREZ_57758,SCUBE2
random_forest,100,1,ENTREZ_135295,SFRS13B
random_forest,100,1,ENTREZ_54847,SIDT1
random_forest,100,1,ENTREZ_6584,SLC22A5
random_forest,100,1,ENTREZ_80736,SLC44A4
random_forest,100,1,ENTREZ_23428,SLC7A8
random_forest,100,1,ENTREZ_25803,SPDEF
random_forest,100,1,ENTREZ_79723,SUV39H2
random_forest,100,1,ENTREZ_23158,TBC1D9
random_forest,100,1,ENTREZ_7031,TFF1
random_forest,100,1,ENTREZ_7033,TFF3
random_forest,100,1,ENTREZ_79875,THSD4
random_forest,100,1,ENTREZ_143941,TTC36
random_forest,100,1,ENTREZ_7272,TTK
random_forest,100,1,ENTREZ_9654,TTLL4
random_forest,100,1,ENTREZ_127733,UBXN10
random_forest,100,1,ENTREZ_51442,VGLL1
random_forest,100,1,ENTREZ_7494,XBP1
random_forest,100,1,ENTREZ_4904,YBX1
random_forest,100,1,ENTREZ_51364,ZMYND10
random_forest,100,1,ENTREZ_79818,ZNF552
random_forest,100,2,ENTREZ_144568,A2ML1
random_forest,100,2,ENTREZ_18,ABAT
random_forest,100,2,ENTREZ_6833,ABCC8
random_forest,100,2,ENTREZ_36,ACADSB
random_forest,100,2,ENTREZ_3899,AFF3
random_forest,100,2,ENTREZ_10551,AGR2
random_forest,100,2,ENTREZ_155465,AGR3
random_forest,100,2,ENTREZ_276,AMY1A
random_forest,100,2,ENTREZ_8416,ANXA9
random_forest,100,2,ENTREZ_323,APBB2
random_forest,100,2,ENTREZ_367,AR
random_forest,100,2,ENTREZ_22901,ARSG
random_forest,100,2,ENTREZ_419,ART3
random_forest,100,2,ENTREZ_84002,B3GNT5
random_forest,100,2,ENTREZ_8537,BCAS1
random_forest,100,2,ENTREZ_283987,C17orf28
random_forest,100,2,ENTREZ_149563,C1orf64
random_forest,100,2,ENTREZ_201895,C4orf34
random_forest,100,2,ENTREZ_285600,C5orf36
random_forest,100,2,ENTREZ_80129,C6orf97
random_forest,100,2,ENTREZ_401546,C9orf152
random_forest,100,2,ENTREZ_401535,C9orf170
random_forest,100,2,ENTREZ_771,CA12
random_forest,100,2,ENTREZ_92291,CAPN13
random_forest,100,2,ENTREZ_388743,CAPN8
random_forest,100,2,ENTREZ_202243,CCDC125
random_forest,100,2,ENTREZ_898,CCNE1
random_forest,100,2,ENTREZ_991,CDC20
random_forest,100,2,ENTREZ_55143,CDCA8
random_forest,100,2,ENTREZ_1058,CENPA
random_forest,100,2,ENTREZ_55839,CENPN
random_forest,100,2,ENTREZ_387103,CENPW
random_forest,100,2,ENTREZ_140578,CHODL
random_forest,100,2,ENTREZ_64084,CLSTN2
random_forest,100,2,ENTREZ_134147,CMBL
random_forest,100,2,ENTREZ_196993,CT62
random_forest,100,2,ENTREZ_203413,CXorf61
random_forest,100,2,ENTREZ_1602,DACH1
random_forest,100,2,ENTREZ_123099,DEGS2
random_forest,100,2,ENTREZ_7802,DNALI1
random_forest,100,2,ENTREZ_2066,ERBB4
random_forest,100,2,ENTREZ_57222,ERGIC1
random_forest,100,2,ENTREZ_2099,ESR1
random_forest,100,2,ENTREZ_221061,FAM171A1
random_forest,100,2,ENTREZ_100129583,FAM47E
random_forest,100,2,ENTREZ_2203,FBP1
random_forest,100,2,ENTREZ_399717,GATA3-AS1
random_forest,100,2,ENTREZ_3169,FOXA1
random_forest,100,2,ENTREZ_2296,FOXC1
random_forest,100,2,ENTREZ_161835,FSIP1
random_forest,100,2,ENTREZ_8326,FZD9
random_forest,100,2,ENTREZ_9568,GABBR2
random_forest,100,2,ENTREZ_2625,GATA3
random_forest,100,2,ENTREZ_26996,GPR160
random_forest,100,2,ENTREZ_27202,GPR77
random_forest,100,2,ENTREZ_9687,GREB1
random_forest,100,2,ENTREZ_84072,HORMAD1
random_forest,100,2,ENTREZ_3475,IFRD1
random_forest,100,2,ENTREZ_8821,INPP4B
random_forest,100,2,ENTREZ_27124,INPP5J
random_forest,100,2,ENTREZ_3767,KCNJ11
random_forest,100,2,ENTREZ_56204,KIAA1370
random_forest,100,2,ENTREZ_3868,KRT16
random_forest,100,2,ENTREZ_93273,LEMD1
random_forest,100,2,ENTREZ_145837,DRAIC
random_forest,100,2,ENTREZ_4137,MAPT
random_forest,100,2,ENTREZ_85377,MICALL1
random_forest,100,2,ENTREZ_79083,MLPH
random_forest,100,2,ENTREZ_4602,MYB
random_forest,100,2,ENTREZ_9,NAT1
random_forest,100,2,ENTREZ_115677,NOSTRIN
random_forest,100,2,ENTREZ_55301,OLAH
random_forest,100,2,ENTREZ_23590,PDSS1
random_forest,100,2,ENTREZ_5241,PGR
random_forest,100,2,ENTREZ_81706,PPP1R14C
random_forest,100,2,ENTREZ_222171,PRR15
random_forest,100,2,ENTREZ_260429,PRSS33
random_forest,100,2,ENTREZ_29968,PSAT1
random_forest,100,2,ENTREZ_9135,RABEP1
random_forest,100,2,ENTREZ_92840,REEP6
random_forest,100,2,ENTREZ_27289,RND1
random_forest,100,2,ENTREZ_54763,ROPN1
random_forest,100,2,ENTREZ_57758,SCUBE2
random_forest,100,2,ENTREZ_135295,SFRS13B
random_forest,100,2,ENTREZ_54847,SIDT1
random_forest,100,2,ENTREZ_6584,SLC22A5
random_forest,100,2,ENTREZ_80736,SLC44A4
random_forest,100,2,ENTREZ_23428,SLC7A8
random_forest,100,2,ENTREZ_25803,SPDEF
random_forest,100,2,ENTREZ_23158,TBC1D9
random_forest,100,2,ENTREZ_7031,TFF1
random_forest,100,2,ENTREZ_7033,TFF3
random_forest,100,2,ENTREZ_79875,THSD4
random_forest,100,2,ENTREZ_143941,TTC36
random_forest,100,2,ENTREZ_123016,TTC8
random_forest,100,2,ENTREZ_51442,VGLL1
random_forest,100,2,ENTREZ_7494,XBP1
random_forest,100,2,ENTREZ_4904,YBX1
random_forest,100,2,ENTREZ_51364,ZMYND10
random_forest,100,2,ENTREZ_79818,ZNF552
random_forest,100,3,ENTREZ_144568,A2ML1
random_forest,100,3,ENTREZ_18,ABAT
random_forest,100,3,ENTREZ_6833,ABCC8
random_forest,100,3,ENTREZ_36,ACADSB
random_forest,100,3,ENTREZ_3899,AFF3
random_forest,100,3,ENTREZ_10551,AGR2
random_forest,100,3,ENTREZ_155465,AGR3
random_forest,100,3,ENTREZ_8416,ANXA9
random_forest,100,3,ENTREZ_367,AR
random_forest,100,3,ENTREZ_22901,ARSG
random_forest,100,3,ENTREZ_419,ART3
random_forest,100,3,ENTREZ_84002,B3GNT5
random_forest,100,3,ENTREZ_8537,BCAS1
random_forest,100,3,ENTREZ_283987,C17orf28
random_forest,100,3,ENTREZ_149563,C1orf64
random_forest,100,3,ENTREZ_201895,C4orf34
random_forest,100,3,ENTREZ_80129,C6orf97
random_forest,100,3,ENTREZ_401546,C9orf152
random_forest,100,3,ENTREZ_401535,C9orf170
random_forest,100,3,ENTREZ_771,CA12
random_forest,100,3,ENTREZ_92291,CAPN13
random_forest,100,3,ENTREZ_202243,CCDC125
random_forest,100,3,ENTREZ_898,CCNE1
random_forest,100,3,ENTREZ_991,CDC20
random_forest,100,3,ENTREZ_993,CDC25A
random_forest,100,3,ENTREZ_55143,CDCA8
random_forest,100,3,ENTREZ_1058,CENPA
random_forest,100,3,ENTREZ_55839,CENPN
random_forest,100,3,ENTREZ_387103,CENPW
random_forest,100,3,ENTREZ_55165,CEP55
random_forest,100,3,ENTREZ_140578,CHODL
random_forest,100,3,ENTREZ_64084,CLSTN2
random_forest,100,3,ENTREZ_134147,CMBL
random_forest,100,3,ENTREZ_196993,CT62
random_forest,100,3,ENTREZ_203413,CXorf61
random_forest,100,3,ENTREZ_123099,DEGS2
random_forest,100,3,ENTREZ_7802,DNALI1
random_forest,100,3,ENTREZ_2066,ERBB4
random_forest,100,3,ENTREZ_2099,ESR1
random_forest,100,3,ENTREZ_221061,FAM171A1
random_forest,100,3,ENTREZ_100129583,FAM47E
random_forest,100,3,ENTREZ_2203,FBP1
random_forest,100,3,ENTREZ_399717,GATA3-AS1
random_forest,100,3,ENTREZ_3169,FOXA1
random_forest,100,3,ENTREZ_2296,FOXC1
random_forest,100,3,ENTREZ_2305,FOXM1
random_forest,100,3,ENTREZ_161835,FSIP1
random_forest,100,3,ENTREZ_8326,FZD9
random_forest,100,3,ENTREZ_9568,GABBR2
random_forest,100,3,ENTREZ_2625,GATA3
random_forest,100,3,ENTREZ_26996,GPR160
random_forest,100,3,ENTREZ_27202,GPR77
random_forest,100,3,ENTREZ_9687,GREB1
random_forest,100,3,ENTREZ_84072,HORMAD1
random_forest,100,3,ENTREZ_3475,IFRD1
random_forest,100,3,ENTREZ_8821,INPP4B
random_forest,100,3,ENTREZ_3767,KCNJ11
random_forest,100,3,ENTREZ_23030,KDM4B
random_forest,100,3,ENTREZ_11004,KIF2C
random_forest,100,3,ENTREZ_3868,KRT16
random_forest,100,3,ENTREZ_93273,LEMD1
random_forest,100,3,ENTREZ_4010,LMX1B
random_forest,100,3,ENTREZ_145837,DRAIC
random_forest,100,3,ENTREZ_4137,MAPT
random_forest,100,3,ENTREZ_55388,MCM10
random_forest,100,3,ENTREZ_85377,MICALL1
random_forest,100,3,ENTREZ_79083,MLPH
random_forest,100,3,ENTREZ_4602,MYB
random_forest,100,3,ENTREZ_9,NAT1
random_forest,100,3,ENTREZ_115677,NOSTRIN
random_forest,100,3,ENTREZ_55301,OLAH
random_forest,100,3,ENTREZ_23594,ORC6L
random_forest,100,3,ENTREZ_23590,PDSS1
random_forest,100,3,ENTREZ_5241,PGR
random_forest,100,3,ENTREZ_81706,PPP1R14C
random_forest,100,3,ENTREZ_222171,PRR15
random_forest,100,3,ENTREZ_29968,PSAT1
random_forest,100,3,ENTREZ_54763,ROPN1
random_forest,100,3,ENTREZ_152015,ROPN1B
random_forest,100,3,ENTREZ_57758,SCUBE2
random_forest,100,3,ENTREZ_135295,SFRS13B
random_forest,100,3,ENTREZ_54847,SIDT1
random_forest,100,3,ENTREZ_6584,SLC22A5
random_forest,100,3,ENTREZ_80736,SLC44A4
random_forest,100,3,ENTREZ_23428,SLC7A8
random_forest,100,3,ENTREZ_25803,SPDEF
random_forest,100,3,ENTREZ_79723,SUV39H2
random_forest,100,3,ENTREZ_23158,TBC1D9
random_forest,100,3,ENTREZ_7031,TFF1
random_forest,100,3,ENTREZ_7033,TFF3
random_forest,100,3,ENTREZ_79875,THSD4
random_forest,100,3,ENTREZ_22974,TPX2
random_forest,100,3,ENTREZ_143941,TTC36
random_forest,100,3,ENTREZ_7272,TTK
random_forest,100,3,ENTREZ_9654,TTLL4
random_forest,100,3,ENTREZ_51442,VGLL1
random_forest,100,3,ENTREZ_7494,XBP1
random_forest,100,3,ENTREZ_4904,YBX1
random_forest,100,3,ENTREZ_51364,ZMYND10
random_forest,100,3,ENTREZ_79818,ZNF552
random_forest,100,4,ENTREZ_144568,A2ML1
random_forest,100,4,ENTREZ_18,ABAT
random_forest,100,4,ENTREZ_6833,ABCC8
random_forest,100,4,ENTREZ_36,ACADSB
random_forest,100,4,ENTREZ_3899,AFF3
random_forest,100,4,ENTREZ_10551,AGR2
random_forest,100,4,ENTREZ_155465,AGR3
random_forest,100,4,ENTREZ_276,AMY1A
random_forest,100,4,ENTREZ_8416,ANXA9
random_forest,100,4,ENTREZ_367,AR
random_forest,100,4,ENTREZ_22901,ARSG
random_forest,100,4,ENTREZ_419,ART3
random_forest,100,4,ENTREZ_84002,B3GNT5
random_forest,100,4,ENTREZ_8537,BCAS1
random_forest,100,4,ENTREZ_283987,C17orf28
random_forest,100,4,ENTREZ_149563,C1orf64
random_forest,100,4,ENTREZ_201895,C4orf34
random_forest,100,4,ENTREZ_285600,C5orf36
random_forest,100,4,ENTREZ_80129,C6orf97
random_forest,100,4,ENTREZ_401546,C9orf152
random_forest,100,4,ENTREZ_401535,C9orf170
random_forest,100,4,ENTREZ_771,CA12
random_forest,100,4,ENTREZ_92291,CAPN13
random_forest,100,4,ENTREZ_202243,CCDC125
random_forest,100,4,ENTREZ_898,CCNE1
random_forest,100,4,ENTREZ_991,CDC20
random_forest,100,4,ENTREZ_55143,CDCA8
random_forest,100,4,ENTREZ_1058,CENPA
random_forest,100,4,ENTREZ_55839,CENPN
random_forest,100,4,ENTREZ_387103,CENPW
random_forest,100,4,ENTREZ_55165,CEP55
random_forest,100,4,ENTREZ_140578,CHODL
random_forest,100,4,ENTREZ_64084,CLSTN2
random_forest,100,4,ENTREZ_134147,CMBL
random_forest,100,4,ENTREZ_196993,CT62
random_forest,100,4,ENTREZ_203413,CXorf61
random_forest,100,4,ENTREZ_1556,CYP2B7P1
random_forest,100,4,ENTREZ_1602,DACH1
random_forest,100,4,ENTREZ_123099,DEGS2
random_forest,100,4,ENTREZ_7802,DNALI1
random_forest,100,4,ENTREZ_2066,ERBB4
random_forest,100,4,ENTREZ_2099,ESR1
random_forest,100,4,ENTREZ_221061,FAM171A1
random_forest,100,4,ENTREZ_100129583,FAM47E
random_forest,100,4,ENTREZ_2203,FBP1
random_forest,100,4,ENTREZ_399717,GATA3-AS1
random_forest,100,4,ENTREZ_3169,FOXA1
random_forest,100,4,ENTREZ_2296,FOXC1
random_forest,100,4,ENTREZ_2305,FOXM1
random_forest,100,4,ENTREZ_161835,FSIP1
random_forest,100,4,ENTREZ_8326,FZD9
random_forest,100,4,ENTREZ_9568,GABBR2
random_forest,100,4,ENTREZ_2625,GATA3
random_forest,100,4,ENTREZ_2674,GFRA1
random_forest,100,4,ENTREZ_26996,GPR160
random_forest,100,4,ENTREZ_27202,GPR77
random_forest,100,4,ENTREZ_9687,GREB1
random_forest,100,4,ENTREZ_84072,HORMAD1
random_forest,100,4,ENTREZ_3475,IFRD1
random_forest,100,4,ENTREZ_8821,INPP4B
random_forest,100,4,ENTREZ_3767,KCNJ11
random_forest,100,4,ENTREZ_23030,KDM4B
random_forest,100,4,ENTREZ_3868,KRT16
random_forest,100,4,ENTREZ_93273,LEMD1
random_forest,100,4,ENTREZ_145837,DRAIC
random_forest,100,4,ENTREZ_4137,MAPT
random_forest,100,4,ENTREZ_85377,MICALL1
random_forest,100,4,ENTREZ_79083,MLPH
random_forest,100,4,ENTREZ_4602,MYB
random_forest,100,4,ENTREZ_9,NAT1
random_forest,100,4,ENTREZ_115677,NOSTRIN
random_forest,100,4,ENTREZ_23590,PDSS1
random_forest,100,4,ENTREZ_5241,PGR
random_forest,100,4,ENTREZ_81706,PPP1R14C
random_forest,100,4,ENTREZ_222171,PRR15
random_forest,100,4,ENTREZ_260429,PRSS33
random_forest,100,4,ENTREZ_29968,PSAT1
random_forest,100,4,ENTREZ_54763,ROPN1
random_forest,100,4,ENTREZ_146923,RUNDC1
random_forest,100,4,ENTREZ_57758,SCUBE2
random_forest,100,4,ENTREZ_135295,SFRS13B
random_forest,100,4,ENTREZ_54847,SIDT1
random_forest,100,4,ENTREZ_6584,SLC22A5
random_forest,100,4,ENTREZ_80736,SLC44A4
random_forest,100,4,ENTREZ_23428,SLC7A8
random_forest,100,4,ENTREZ_25803,SPDEF
random_forest,100,4,ENTREZ_79723,SUV39H2
random_forest,100,4,ENTREZ_23158,TBC1D9
random_forest,100,4,ENTREZ_7031,TFF1
random_forest,100,4,ENTREZ_7033,TFF3
random_forest,100,4,ENTREZ_79875,THSD4
random_forest,100,4,ENTREZ_22974,TPX2
random_forest,100,4,ENTREZ_143941,TTC36
random_forest,100,4,ENTREZ_7272,TTK
random_forest,100,4,ENTREZ_9654,TTLL4
random_forest,100,4,ENTREZ_51442,VGLL1
random_forest,100,4,ENTREZ_7494,XBP1
random_forest,100,4,ENTREZ_4904,YBX1
random_forest,100,4,ENTREZ_51364,ZMYND10
random_forest,100,4,ENTREZ_79818,ZNF552
random_forest,100,5,ENTREZ_144568,A2ML1
random_forest,100,5,ENTREZ_18,ABAT
random_forest,100,5,ENTREZ_6833,ABCC8
random_forest,100,5,ENTREZ_36,ACADSB
random_forest,100,5,ENTREZ_3899,AFF3
random_forest,100,5,ENTREZ_10551,AGR2
random_forest,100,5,ENTREZ_155465,AGR3
random_forest,100,5,ENTREZ_276,AMY1A
random_forest,100,5,ENTREZ_8416,ANXA9
random_forest,100,5,ENTREZ_367,AR
random_forest,100,5,ENTREZ_22901,ARSG
random_forest,100,5,ENTREZ_419,ART3
random_forest,100,5,ENTREZ_84002,B3GNT5
random_forest,100,5,ENTREZ_8537,BCAS1
random_forest,100,5,ENTREZ_53335,BCL11A
random_forest,100,5,ENTREZ_283987,C17orf28
random_forest,100,5,ENTREZ_149563,C1orf64
random_forest,100,5,ENTREZ_285600,C5orf36
random_forest,100,5,ENTREZ_80129,C6orf97
random_forest,100,5,ENTREZ_401546,C9orf152
random_forest,100,5,ENTREZ_401535,C9orf170
random_forest,100,5,ENTREZ_771,CA12
random_forest,100,5,ENTREZ_92291,CAPN13
random_forest,100,5,ENTREZ_388743,CAPN8
random_forest,100,5,ENTREZ_202243,CCDC125
random_forest,100,5,ENTREZ_898,CCNE1
random_forest,100,5,ENTREZ_991,CDC20
random_forest,100,5,ENTREZ_55143,CDCA8
random_forest,100,5,ENTREZ_1058,CENPA
random_forest,100,5,ENTREZ_55839,CENPN
random_forest,100,5,ENTREZ_387103,CENPW
random_forest,100,5,ENTREZ_140578,CHODL
random_forest,100,5,ENTREZ_64084,CLSTN2
random_forest,100,5,ENTREZ_134147,CMBL
random_forest,100,5,ENTREZ_196993,CT62
random_forest,100,5,ENTREZ_1503,CTPS
random_forest,100,5,ENTREZ_203413,CXorf61
random_forest,100,5,ENTREZ_123099,DEGS2
random_forest,100,5,ENTREZ_7802,DNALI1
random_forest,100,5,ENTREZ_2019,EN1
random_forest,100,5,ENTREZ_2066,ERBB4
random_forest,100,5,ENTREZ_2099,ESR1
random_forest,100,5,ENTREZ_221061,FAM171A1
random_forest,100,5,ENTREZ_100129583,FAM47E
random_forest,100,5,ENTREZ_113115,FAM54A
random_forest,100,5,ENTREZ_2203,FBP1
random_forest,100,5,ENTREZ_399717,GATA3-AS1
random_forest,100,5,ENTREZ_3169,FOXA1
random_forest,100,5,ENTREZ_2296,FOXC1
random_forest,100,5,ENTREZ_2305,FOXM1
random_forest,100,5,ENTREZ_161835,FSIP1
random_forest,100,5,ENTREZ_8326,FZD9
random_forest,100,5,ENTREZ_9568,GABBR2
random_forest,100,5,ENTREZ_2625,GATA3
random_forest,100,5,ENTREZ_26996,GPR160
random_forest,100,5,ENTREZ_27202,GPR77
random_forest,100,5,ENTREZ_9687,GREB1
random_forest,100,5,ENTREZ_84072,HORMAD1
random_forest,100,5,ENTREZ_3475,IFRD1
random_forest,100,5,ENTREZ_8821,INPP4B
random_forest,100,5,ENTREZ_3767,KCNJ11
random_forest,100,5,ENTREZ_23030,KDM4B
random_forest,100,5,ENTREZ_56204,KIAA1370
random_forest,100,5,ENTREZ_3868,KRT16
random_forest,100,5,ENTREZ_93273,LEMD1
random_forest,100,5,ENTREZ_145837,DRAIC
random_forest,100,5,ENTREZ_4137,MAPT
random_forest,100,5,ENTREZ_85377,MICALL1
random_forest,100,5,ENTREZ_79083,MLPH
random_forest,100,5,ENTREZ_9,NAT1
random_forest,100,5,ENTREZ_115677,NOSTRIN
random_forest,100,5,ENTREZ_23594,ORC6L
random_forest,100,5,ENTREZ_23590,PDSS1
random_forest,100,5,ENTREZ_5241,PGR
random_forest,100,5,ENTREZ_81706,PPP1R14C
random_forest,100,5,ENTREZ_222171,PRR15
random_forest,100,5,ENTREZ_29968,PSAT1
random_forest,100,5,ENTREZ_9135,RABEP1
random_forest,100,5,ENTREZ_54763,ROPN1
random_forest,100,5,ENTREZ_152015,ROPN1B
random_forest,100,5,ENTREZ_57758,SCUBE2
random_forest,100,5,ENTREZ_135295,SFRS13B
random_forest,100,5,ENTREZ_54847,SIDT1
random_forest,100,5,ENTREZ_6584,SLC22A5
random_forest,100,5,ENTREZ_80736,SLC44A4
random_forest,100,5,ENTREZ_23428,SLC7A8
random_forest,100,5,ENTREZ_25803,SPDEF
random_forest,100,5,ENTREZ_79723,SUV39H2
random_forest,100,5,ENTREZ_23158,TBC1D9
random_forest,100,5,ENTREZ_7031,TFF1
random_forest,100,5,ENTREZ_7033,TFF3
random_forest,100,5,ENTREZ_79875,THSD4
random_forest,100,5,ENTREZ_143941,TTC36
random_forest,100,5,ENTREZ_7272,TTK
random_forest,100,5,ENTREZ_9654,TTLL4
random_forest,100,5,ENTREZ_51442,VGLL1
random_forest,100,5,ENTREZ_7494,XBP1
random_forest,100,5,ENTREZ_4904,YBX1
random_forest,100,5,ENTREZ_51364,ZMYND10
random_forest,100,5,ENTREZ_79818,ZNF552
random_forest,500,1,ENTREZ_90288,EFCAB12
random_forest,500,1,ENTREZ_144568,A2ML1
random_forest,500,1,ENTREZ_18,ABAT
random_forest,500,1,ENTREZ_85320,ABCC11
random_forest,500,1,ENTREZ_6833,ABCC8
random_forest,500,1,ENTREZ_22885,ABLIM3
random_forest,500,1,ENTREZ_36,ACADSB
random_forest,500,1,ENTREZ_122970,ACOT4
random_forest,500,1,ENTREZ_170689,ADAMTS15
random_forest,500,1,ENTREZ_115,ADCY9
random_forest,500,1,ENTREZ_3899,AFF3
random_forest,500,1,ENTREZ_10551,AGR2
random_forest,500,1,ENTREZ_155465,AGR3
random_forest,500,1,ENTREZ_22977,AKR7A3
random_forest,500,1,ENTREZ_262,AMD1
random_forest,500,1,ENTREZ_276,AMY1A
random_forest,500,1,ENTREZ_57763,ANKRA2
random_forest,500,1,ENTREZ_91074,ANKRD30A
random_forest,500,1,ENTREZ_338699,ANKRD42
random_forest,500,1,ENTREZ_54443,ANLN
random_forest,500,1,ENTREZ_8416,ANXA9
random_forest,500,1,ENTREZ_323,APBB2
random_forest,500,1,ENTREZ_83464,APH1B
random_forest,500,1,ENTREZ_367,AR
random_forest,500,1,ENTREZ_22901,ARSG
random_forest,500,1,ENTREZ_419,ART3
random_forest,500,1,ENTREZ_259266,ASPM
random_forest,500,1,ENTREZ_64225,ATL2
random_forest,500,1,ENTREZ_245973,ATP6V1C2
random_forest,500,1,ENTREZ_540,ATP7B
random_forest,500,1,ENTREZ_5205,ATP8B1
random_forest,500,1,ENTREZ_6790,AURKA
random_forest,500,1,ENTREZ_9212,AURKB
random_forest,500,1,ENTREZ_84002,B3GNT5
random_forest,500,1,ENTREZ_582,BBS1
random_forest,500,1,ENTREZ_585,BBS4
random_forest,500,1,ENTREZ_4059,BCAM
random_forest,500,1,ENTREZ_8537,BCAS1
random_forest,500,1,ENTREZ_53335,BCL11A
random_forest,500,1,ENTREZ_596,BCL2
random_forest,500,1,ENTREZ_332,BIRC5
random_forest,500,1,ENTREZ_641,BLM
random_forest,500,1,ENTREZ_671,BPI
random_forest,500,1,ENTREZ_699,BUB1
random_forest,500,1,ENTREZ_701,BUB1B
random_forest,500,1,ENTREZ_119032,C10orf32
random_forest,500,1,ENTREZ_254439,C11orf86
random_forest,500,1,ENTREZ_254013,C12orf72
random_forest,500,1,ENTREZ_161394,C14orf174
random_forest,500,1,ENTREZ_80127,C14orf45
random_forest,500,1,ENTREZ_90417,C15orf23
random_forest,500,1,ENTREZ_90381,C15orf42
random_forest,500,1,ENTREZ_56942,C16orf61
random_forest,500,1,ENTREZ_283987,C17orf28
random_forest,500,1,ENTREZ_352909,C19orf51
random_forest,500,1,ENTREZ_79000,C1orf135
random_forest,500,1,ENTREZ_149563,C1orf64
random_forest,500,1,ENTREZ_338761,C1QL4
random_forest,500,1,ENTREZ_26074,C20orf26
random_forest,500,1,ENTREZ_343990,C2orf55
random_forest,500,1,ENTREZ_720,C4A
random_forest,500,1,ENTREZ_132720,C4orf32
random_forest,500,1,ENTREZ_201895,C4orf34
random_forest,500,1,ENTREZ_285600,C5orf36
random_forest,500,1,ENTREZ_79624,C6orf211
random_forest,500,1,ENTREZ_221718,C6orf218
random_forest,500,1,ENTREZ_80129,C6orf97
random_forest,500,1,ENTREZ_79846,C7orf63
random_forest,500,1,ENTREZ_138162,C9orf116
random_forest,500,1,ENTREZ_401546,C9orf152
random_forest,500,1,ENTREZ_401535,C9orf170
random_forest,500,1,ENTREZ_91283,C9orf30
random_forest,500,1,ENTREZ_55071,C9orf40
random_forest,500,1,ENTREZ_158067,C9orf98
random_forest,500,1,ENTREZ_771,CA12
random_forest,500,1,ENTREZ_776,CACNA1D
random_forest,500,1,ENTREZ_9254,CACNA2D2
random_forest,500,1,ENTREZ_79012,CAMKV
random_forest,500,1,ENTREZ_92291,CAPN13
random_forest,500,1,ENTREZ_388743,CAPN8
random_forest,500,1,ENTREZ_55259,CASC1
random_forest,500,1,ENTREZ_84733,CBX2
random_forest,500,1,ENTREZ_388389,CCDC103
random_forest,500,1,ENTREZ_202243,CCDC125
random_forest,500,1,ENTREZ_79825,CCDC48
random_forest,500,1,ENTREZ_257236,CCDC96
random_forest,500,1,ENTREZ_887,CCKBR
random_forest,500,1,ENTREZ_890,CCNA2
random_forest,500,1,ENTREZ_9133,CCNB2
random_forest,500,1,ENTREZ_898,CCNE1
random_forest,500,1,ENTREZ_8872,CDC123
random_forest,500,1,ENTREZ_991,CDC20
random_forest,500,1,ENTREZ_993,CDC25A
random_forest,500,1,ENTREZ_8318,CDC45
random_forest,500,1,ENTREZ_157313,CDCA2
random_forest,500,1,ENTREZ_83461,CDCA3
random_forest,500,1,ENTREZ_113130,CDCA5
random_forest,500,1,ENTREZ_83879,CDCA7
random_forest,500,1,ENTREZ_55143,CDCA8
random_forest,500,1,ENTREZ_983,CDK1
random_forest,500,1,ENTREZ_8099,CDK2AP1
random_forest,500,1,ENTREZ_1033,CDKN3
random_forest,500,1,ENTREZ_1051,CEBPB
random_forest,500,1,ENTREZ_9620,CELSR1
random_forest,500,1,ENTREZ_1058,CENPA
random_forest,500,1,ENTREZ_1062,CENPE
random_forest,500,1,ENTREZ_55839,CENPN
random_forest,500,1,ENTREZ_79172,CENPO
random_forest,500,1,ENTREZ_387103,CENPW
random_forest,500,1,ENTREZ_55165,CEP55
random_forest,500,1,ENTREZ_1101,CHAD
random_forest,500,1,ENTREZ_1111,CHEK1
random_forest,500,1,ENTREZ_140578,CHODL
random_forest,500,1,ENTREZ_1131,CHRM3
random_forest,500,1,ENTREZ_9435,CHST2
random_forest,500,1,ENTREZ_1153,CIRBP
random_forest,500,1,ENTREZ_1163,CKS1B
random_forest,500,1,ENTREZ_1183,CLCN4
random_forest,500,1,ENTREZ_64084,CLSTN2
random_forest,500,1,ENTREZ_134147,CMBL
random_forest,500,1,ENTREZ_1258,CNGB1
random_forest,500,1,ENTREZ_132864,CPEB2
random_forest,500,1,ENTREZ_10815,CPLX1
random_forest,500,1,ENTREZ_148327,CREB3L4
random_forest,500,1,ENTREZ_1408,CRY2
random_forest,500,1,ENTREZ_1410,CRYAB
random_forest,500,1,ENTREZ_196993,CT62
random_forest,500,1,ENTREZ_1503,CTPS
random_forest,500,1,ENTREZ_1515,CTSL2
random_forest,500,1,ENTREZ_6374,CXCL5
random_forest,500,1,ENTREZ_100132994,CXorf49B
random_forest,500,1,ENTREZ_203413,CXorf61
random_forest,500,1,ENTREZ_51523,CXXC5
random_forest,500,1,ENTREZ_1556,CYP2B7P1
random_forest,500,1,ENTREZ_1580,CYP4B1
random_forest,500,1,ENTREZ_163720,CYP4Z2P
random_forest,500,1,ENTREZ_1602,DACH1
random_forest,500,1,ENTREZ_55152,DALRD3
random_forest,500,1,ENTREZ_10926,DBF4
random_forest,500,1,ENTREZ_23109,DDN
random_forest,500,1,ENTREZ_123099,DEGS2
random_forest,500,1,ENTREZ_7913,DEK
random_forest,500,1,ENTREZ_55635,DEPDC1
random_forest,500,1,ENTREZ_55789,DEPDC1B
random_forest,500,1,ENTREZ_1736,DKC1
random_forest,500,1,ENTREZ_9787,DLGAP5
random_forest,500,1,ENTREZ_1750,DLX6
random_forest,500,1,ENTREZ_1761,DMRT1
random_forest,500,1,ENTREZ_1767,DNAH5
random_forest,500,1,ENTREZ_56171,DNAH7
random_forest,500,1,ENTREZ_56521,DNAJC12
random_forest,500,1,ENTREZ_83544,DNAL1
random_forest,500,1,ENTREZ_7802,DNALI1
random_forest,500,1,ENTREZ_1789,DNMT3B
random_forest,500,1,ENTREZ_29980,DONSON
random_forest,500,1,ENTREZ_79075,DSCC1
random_forest,500,1,ENTREZ_83657,DYNLRB2
random_forest,500,1,ENTREZ_1870,E2F2
random_forest,500,1,ENTREZ_1871,E2F3
random_forest,500,1,ENTREZ_9718,ECE2
random_forest,500,1,ENTREZ_64800,EFCAB6
random_forest,500,1,ENTREZ_2019,EN1
random_forest,500,1,ENTREZ_2023,ENO1
random_forest,500,1,ENTREZ_5167,ENPP1
random_forest,500,1,ENTREZ_2066,ERBB4
random_forest,500,1,ENTREZ_57222,ERGIC1
random_forest,500,1,ENTREZ_2099,ESR1
random_forest,500,1,ENTREZ_83850,ESYT3
random_forest,500,1,ENTREZ_9156,EXO1
random_forest,500,1,ENTREZ_54536,EXOC6
random_forest,500,1,ENTREZ_2146,EZH2
random_forest,500,1,ENTREZ_2155,F7
random_forest,500,1,ENTREZ_139285,FAM123B
random_forest,500,1,ENTREZ_84908,FAM136A
random_forest,500,1,ENTREZ_221061,FAM171A1
random_forest,500,1,ENTREZ_345757,FAM174A
random_forest,500,1,ENTREZ_400451,FAM174B
random_forest,500,1,ENTREZ_51313,FAM198B
random_forest,500,1,ENTREZ_284467,FAM19A3
random_forest,500,1,ENTREZ_100129583,FAM47E
random_forest,500,1,ENTREZ_113115,FAM54A
random_forest,500,1,ENTREZ_55793,FAM63A
random_forest,500,1,ENTREZ_54478,FAM64A
random_forest,500,1,ENTREZ_653820,FAM72B
random_forest,500,1,ENTREZ_81610,FAM83D
random_forest,500,1,ENTREZ_2175,FANCA
random_forest,500,1,ENTREZ_2178,FANCE
random_forest,500,1,ENTREZ_2203,FBP1
random_forest,500,1,ENTREZ_26234,FBXL5
random_forest,500,1,ENTREZ_130888,FBXO36
random_forest,500,1,ENTREZ_55612,FERMT1
random_forest,500,1,ENTREZ_89846,FGD3
random_forest,500,1,ENTREZ_9982,FGFBP1
random_forest,500,1,ENTREZ_399717,GATA3-AS1
random_forest,500,1,ENTREZ_3169,FOXA1
random_forest,500,1,ENTREZ_2296,FOXC1
random_forest,500,1,ENTREZ_2305,FOXM1
random_forest,500,1,ENTREZ_6624,FSCN1
random_forest,500,1,ENTREZ_161835,FSIP1
random_forest,500,1,ENTREZ_8326,FZD9
random_forest,500,1,ENTREZ_9568,GABBR2
random_forest,500,1,ENTREZ_2568,GABRP
random_forest,500,1,ENTREZ_51083,GAL
random_forest,500,1,ENTREZ_2593,GAMT
random_forest,500,1,ENTREZ_2625,GATA3
random_forest,500,1,ENTREZ_8200,GDF5
random_forest,500,1,ENTREZ_2674,GFRA1
random_forest,500,1,ENTREZ_2676,GFRA3
random_forest,500,1,ENTREZ_54826,GIN1
random_forest,500,1,ENTREZ_9837,GINS1
random_forest,500,1,ENTREZ_2707,GJB3
random_forest,500,1,ENTREZ_8833,GMPS
random_forest,500,1,ENTREZ_2813,GP2
random_forest,500,1,ENTREZ_26996,GPR160
random_forest,500,1,ENTREZ_27202,GPR77
random_forest,500,1,ENTREZ_27198,GPR81
random_forest,500,1,ENTREZ_29899,GPSM2
random_forest,500,1,ENTREZ_9687,GREB1
random_forest,500,1,ENTREZ_2925,GRPR
random_forest,500,1,ENTREZ_83903,GSG2
random_forest,500,1,ENTREZ_23560,GTPBP4
random_forest,500,1,ENTREZ_51512,GTSE1
random_forest,500,1,ENTREZ_145864,HAPLN3
random_forest,500,1,ENTREZ_55733,HHAT
random_forest,500,1,ENTREZ_55355,HJURP
random_forest,500,1,ENTREZ_3159,HMGA1
random_forest,500,1,ENTREZ_84072,HORMAD1
random_forest,500,1,ENTREZ_3263,HPX
random_forest,500,1,ENTREZ_646962,HRCT1
random_forest,500,1,ENTREZ_8739,HRK
random_forest,500,1,ENTREZ_3475,IFRD1
random_forest,500,1,ENTREZ_10644,IGF2BP2
random_forest,500,1,ENTREZ_10643,IGF2BP3
random_forest,500,1,ENTREZ_3483,IGFALS
random_forest,500,1,ENTREZ_3487,IGFBP4
random_forest,500,1,ENTREZ_3595,IL12RB2
random_forest,500,1,ENTREZ_27160,INGX
random_forest,500,1,ENTREZ_8821,INPP4B
random_forest,500,1,ENTREZ_27124,INPP5J
random_forest,500,1,ENTREZ_3712,IVD
random_forest,500,1,ENTREZ_56888,KCMF1
random_forest,500,1,ENTREZ_3755,KCNG1
random_forest,500,1,ENTREZ_3767,KCNJ11
random_forest,500,1,ENTREZ_60598,KCNK15
random_forest,500,1,ENTREZ_8645,KCNK5
random_forest,500,1,ENTREZ_9132,KCNQ4
random_forest,500,1,ENTREZ_3787,KCNS1
random_forest,500,1,ENTREZ_23030,KDM4B
random_forest,500,1,ENTREZ_9933,KIAA0020
random_forest,500,1,ENTREZ_9778,KIAA0232
random_forest,500,1,ENTREZ_57535,KIAA1324
random_forest,500,1,ENTREZ_56204,KIAA1370
random_forest,500,1,ENTREZ_9928,KIF14
random_forest,500,1,ENTREZ_81930,KIF18A
random_forest,500,1,ENTREZ_146909,KIF18B
random_forest,500,1,ENTREZ_10112,KIF20A
random_forest,500,1,ENTREZ_9493,KIF23
random_forest,500,1,ENTREZ_11004,KIF2C
random_forest,500,1,ENTREZ_24137,KIF4A
random_forest,500,1,ENTREZ_3833,KIFC1
random_forest,500,1,ENTREZ_5653,KLK6
random_forest,500,1,ENTREZ_3838,KPNA2
random_forest,500,1,ENTREZ_3868,KRT16
random_forest,500,1,ENTREZ_3857,KRT9
random_forest,500,1,ENTREZ_91133,L3MBTL4
random_forest,500,1,ENTREZ_9836,LCMT2
random_forest,500,1,ENTREZ_3945,LDHB
random_forest,500,1,ENTREZ_93273,LEMD1
random_forest,500,1,ENTREZ_51474,LIMA1
random_forest,500,1,ENTREZ_4010,LMX1B
random_forest,500,1,ENTREZ_100130148,MAPT-IT1
random_forest,500,1,ENTREZ_145837,DRAIC
random_forest,500,1,ENTREZ_284578,MFSD4A-AS1
random_forest,500,1,ENTREZ_84856,LINC00839
random_forest,500,1,ENTREZ_164832,LONRF2
random_forest,500,1,ENTREZ_23175,LPIN1
random_forest,500,1,ENTREZ_7804,LRP8
random_forest,500,1,ENTREZ_90506,LRRC46
random_forest,500,1,ENTREZ_83450,LRRC48
random_forest,500,1,ENTREZ_220074,LRTOMT
random_forest,500,1,ENTREZ_8581,LY6D
random_forest,500,1,ENTREZ_4085,MAD2L1
random_forest,500,1,ENTREZ_4115,MAGEB4
random_forest,500,1,ENTREZ_10916,MAGED2
random_forest,500,1,ENTREZ_7786,MAP3K12
random_forest,500,1,ENTREZ_5596,MAPK4
random_forest,500,1,ENTREZ_4137,MAPT
random_forest,500,1,ENTREZ_64087,MCCC2
random_forest,500,1,ENTREZ_55388,MCM10
random_forest,500,1,ENTREZ_4175,MCM6
random_forest,500,1,ENTREZ_9833,MELK
random_forest,500,1,ENTREZ_51072,MEMO1
random_forest,500,1,ENTREZ_4241,MFI2
random_forest,500,1,ENTREZ_81854,MGC3771
random_forest,500,1,ENTREZ_8190,MIA
random_forest,500,1,ENTREZ_85377,MICALL1
random_forest,500,1,ENTREZ_79083,MLPH
random_forest,500,1,ENTREZ_51678,MPP6
random_forest,500,1,ENTREZ_10943,MSL3
random_forest,500,1,ENTREZ_25902,MTHFD1L
random_forest,500,1,ENTREZ_4602,MYB
random_forest,500,1,ENTREZ_4605,MYBL2
random_forest,500,1,ENTREZ_55930,MYO5C
random_forest,500,1,ENTREZ_9,NAT1
random_forest,500,1,ENTREZ_9918,NCAPD2
random_forest,500,1,ENTREZ_64151,NCAPG
random_forest,500,1,ENTREZ_23397,NCAPH
random_forest,500,1,ENTREZ_8440,NCK2
random_forest,500,1,ENTREZ_100188953,NCRNA00092
random_forest,500,1,ENTREZ_378825,NCRNA00162
random_forest,500,1,ENTREZ_10403,NDC80
random_forest,500,1,ENTREZ_55247,NEIL3
random_forest,500,1,ENTREZ_152110,NEK10
random_forest,500,1,ENTREZ_115677,NOSTRIN
random_forest,500,1,ENTREZ_7101,NR2E1
random_forest,500,1,ENTREZ_64943,NT5DC2
random_forest,500,1,ENTREZ_83594,NUDT12
random_forest,500,1,ENTREZ_11164,NUDT5
random_forest,500,1,ENTREZ_83540,NUF2
random_forest,500,1,ENTREZ_9688,NUP93
random_forest,500,1,ENTREZ_158046,NXNL2
random_forest,500,1,ENTREZ_4948,OCA2
random_forest,500,1,ENTREZ_11339,OIP5
random_forest,500,1,ENTREZ_55301,OLAH
random_forest,500,1,ENTREZ_4986,OPRK1
random_forest,500,1,ENTREZ_4998,ORC1L
random_forest,500,1,ENTREZ_23594,ORC6L
random_forest,500,1,ENTREZ_54681,P4HTM
random_forest,500,1,ENTREZ_55003,PAK1IP1
random_forest,500,1,ENTREZ_390928,PAPL
random_forest,500,1,ENTREZ_9061,PAPSS1
random_forest,500,1,ENTREZ_126006,PCP2
random_forest,500,1,ENTREZ_54760,PCSK4
random_forest,500,1,ENTREZ_10130,PDIA6
random_forest,500,1,ENTREZ_23590,PDSS1
random_forest,500,1,ENTREZ_5241,PGR
random_forest,500,1,ENTREZ_23338,PHF15
random_forest,500,1,ENTREZ_26227,PHGDH
random_forest,500,1,ENTREZ_5347,PLK1
random_forest,500,1,ENTREZ_5351,PLOD1
random_forest,500,1,ENTREZ_135293,PM20D2
random_forest,500,1,ENTREZ_10721,POLQ
random_forest,500,1,ENTREZ_10940,POP1
random_forest,500,1,ENTREZ_5457,POU4F1
random_forest,500,1,ENTREZ_5460,POU5F1
random_forest,500,1,ENTREZ_81706,PPP1R14C
random_forest,500,1,ENTREZ_9055,PRC1
random_forest,500,1,ENTREZ_59336,PRDM13
random_forest,500,1,ENTREZ_57580,PREX1
random_forest,500,1,ENTREZ_5613,PRKX
random_forest,500,1,ENTREZ_222171,PRR15
random_forest,500,1,ENTREZ_285368,PRRT3
random_forest,500,1,ENTREZ_260429,PRSS33
random_forest,500,1,ENTREZ_29968,PSAT1
random_forest,500,1,ENTREZ_8624,PSMG1
random_forest,500,1,ENTREZ_11122,PTPRT
random_forest,500,1,ENTREZ_9232,PTTG1
random_forest,500,1,ENTREZ_5806,PTX3
random_forest,500,1,ENTREZ_64284,RAB17
random_forest,500,1,ENTREZ_9135,RABEP1
random_forest,500,1,ENTREZ_5888,RAD51
random_forest,500,1,ENTREZ_10635,RAD51AP1
random_forest,500,1,ENTREZ_8438,RAD54L
random_forest,500,1,ENTREZ_10742,RAI2
random_forest,500,1,ENTREZ_253959,RALGAPA1
random_forest,500,1,ENTREZ_55103,RALGPS2
random_forest,500,1,ENTREZ_5902,RANBP1
random_forest,500,1,ENTREZ_5914,RARA
random_forest,500,1,ENTREZ_255426,RASGEF1C
random_forest,500,1,ENTREZ_84991,RBM17
random_forest,500,1,ENTREZ_54502,RBM47
random_forest,500,1,ENTREZ_7905,REEP5
random_forest,500,1,ENTREZ_92840,REEP6
random_forest,500,1,ENTREZ_85004,RERG
random_forest,500,1,ENTREZ_5984,RFC4
random_forest,500,1,ENTREZ_56963,RGMA
random_forest,500,1,ENTREZ_5995,RGR
random_forest,500,1,ENTREZ_26166,RGS22
random_forest,500,1,ENTREZ_51458,RHCG
random_forest,500,1,ENTREZ_388,RHOB
random_forest,500,1,ENTREZ_83732,RIOK1
random_forest,500,1,ENTREZ_8767,RIPK2
random_forest,500,1,ENTREZ_246243,RNASEH1
random_forest,500,1,ENTREZ_27289,RND1
random_forest,500,1,ENTREZ_7844,RNF103
random_forest,500,1,ENTREZ_9025,RNF8
random_forest,500,1,ENTREZ_54763,ROPN1
random_forest,500,1,ENTREZ_152015,ROPN1B
random_forest,500,1,ENTREZ_22934,RPIA
random_forest,500,1,ENTREZ_6241,RRM2
random_forest,500,1,ENTREZ_89765,RSPH1
random_forest,500,1,ENTREZ_146923,RUNDC1
random_forest,500,1,ENTREZ_374897,SBSN
random_forest,500,1,ENTREZ_29970,SCHIP1
random_forest,500,1,ENTREZ_6337,SCNN1A
random_forest,500,1,ENTREZ_11341,SCRG1
random_forest,500,1,ENTREZ_57758,SCUBE2
random_forest,500,1,ENTREZ_51091,SEPSECS
random_forest,500,1,ENTREZ_26135,SERBP1
random_forest,500,1,ENTREZ_256394,SERPINA11
random_forest,500,1,ENTREZ_6422,SFRP1
random_forest,500,1,ENTREZ_135295,SFRS13B
random_forest,500,1,ENTREZ_375035,SFT2D2
random_forest,500,1,ENTREZ_151648,SGOL1
random_forest,500,1,ENTREZ_79801,SHCBP1
random_forest,500,1,ENTREZ_54847,SIDT1
random_forest,500,1,ENTREZ_220134,SKA1
random_forest,500,1,ENTREZ_221150,SKA3
random_forest,500,1,ENTREZ_6500,SKP1
random_forest,500,1,ENTREZ_6502,SKP2
random_forest,500,1,ENTREZ_6564,SLC15A1
random_forest,500,1,ENTREZ_9120,SLC16A6
random_forest,500,1,ENTREZ_6584,SLC22A5
random_forest,500,1,ENTREZ_115019,SLC26A9
random_forest,500,1,ENTREZ_25800,SLC39A6
random_forest,500,1,ENTREZ_80736,SLC44A4
random_forest,500,1,ENTREZ_9498,SLC4A8
random_forest,500,1,ENTREZ_6530,SLC6A2
random_forest,500,1,ENTREZ_8140,SLC7A5
random_forest,500,1,ENTREZ_23428,SLC7A8
random_forest,500,1,ENTREZ_6664,SOX11
random_forest,500,1,ENTREZ_25803,SPDEF
random_forest,500,1,ENTREZ_25876,SPEF1
random_forest,500,1,ENTREZ_79925,SPEF2
random_forest,500,1,ENTREZ_6732,SRPK1
random_forest,500,1,ENTREZ_6769,STAC
random_forest,500,1,ENTREZ_10809,STARD10
random_forest,500,1,ENTREZ_6491,STIL
random_forest,500,1,ENTREZ_55351,STK32B
random_forest,500,1,ENTREZ_11329,STK38
random_forest,500,1,ENTREZ_3925,STMN1
random_forest,500,1,ENTREZ_6821,SUOX
random_forest,500,1,ENTREZ_203328,SUSD3
random_forest,500,1,ENTREZ_79723,SUV39H2
random_forest,500,1,ENTREZ_55638,SYBU
random_forest,500,1,ENTREZ_143425,SYT9
random_forest,500,1,ENTREZ_54843,SYTL2
random_forest,500,1,ENTREZ_94121,SYTL4
random_forest,500,1,ENTREZ_94122,SYTL5
random_forest,500,1,ENTREZ_93624,TADA2B
random_forest,500,1,ENTREZ_23158,TBC1D9
random_forest,500,1,ENTREZ_9095,TBX19
random_forest,500,1,ENTREZ_9338,TCEAL1
random_forest,500,1,ENTREZ_6941,TCF19
random_forest,500,1,ENTREZ_79600,TCTN1
random_forest,500,1,ENTREZ_23371,TENC1
random_forest,500,1,ENTREZ_54881,TEX10
random_forest,500,1,ENTREZ_7031,TFF1
random_forest,500,1,ENTREZ_7033,TFF3
random_forest,500,1,ENTREZ_7043,TGFB3
random_forest,500,1,ENTREZ_79875,THSD4
random_forest,500,1,ENTREZ_166815,TIGD2
random_forest,500,1,ENTREZ_7090,TLE3
random_forest,500,1,ENTREZ_51643,TMBIM4
random_forest,500,1,ENTREZ_7009,TMBIM6
random_forest,500,1,ENTREZ_147798,TMC4
random_forest,500,1,ENTREZ_79838,TMC5
random_forest,500,1,ENTREZ_9911,TMCC2
random_forest,500,1,ENTREZ_55314,TMEM144
random_forest,500,1,ENTREZ_84866,TMEM25
random_forest,500,1,ENTREZ_55116,TMEM39B
random_forest,500,1,ENTREZ_120224,TMEM45B
random_forest,500,1,ENTREZ_57156,TMEM63C
random_forest,500,1,ENTREZ_27324,TOX3
random_forest,500,1,ENTREZ_285386,TPRG1
random_forest,500,1,ENTREZ_22974,TPX2
random_forest,500,1,ENTREZ_10612,TRIM3
random_forest,500,1,ENTREZ_9319,TRIP13
random_forest,500,1,ENTREZ_10103,TSPAN1
random_forest,500,1,ENTREZ_27075,TSPAN13
random_forest,500,1,ENTREZ_143941,TTC36
random_forest,500,1,ENTREZ_22996,TTC39A
random_forest,500,1,ENTREZ_123016,TTC8
random_forest,500,1,ENTREZ_7272,TTK
random_forest,500,1,ENTREZ_9654,TTLL4
random_forest,500,1,ENTREZ_84790,TUBA1C
random_forest,500,1,ENTREZ_203068,TUBB
random_forest,500,1,ENTREZ_11065,UBE2C
random_forest,500,1,ENTREZ_29089,UBE2T
random_forest,500,1,ENTREZ_127733,UBXN10
random_forest,500,1,ENTREZ_165324,UBXN2A
random_forest,500,1,ENTREZ_7371,UCK2
random_forest,500,1,ENTREZ_7368,UGT8
random_forest,500,1,ENTREZ_10451,VAV3
random_forest,500,1,ENTREZ_51442,VGLL1
random_forest,500,1,ENTREZ_57728,WDR19
random_forest,500,1,ENTREZ_7466,WFS1
random_forest,500,1,ENTREZ_7475,WNT6
random_forest,500,1,ENTREZ_11059,WWP1
random_forest,500,1,ENTREZ_7494,XBP1
random_forest,500,1,ENTREZ_57510,XPO5
random_forest,500,1,ENTREZ_4904,YBX1
random_forest,500,1,ENTREZ_55689,YEATS2
random_forest,500,1,ENTREZ_100128927,ZBTB42
random_forest,500,1,ENTREZ_124220,ZG16B
random_forest,500,1,ENTREZ_51364,ZMYND10
random_forest,500,1,ENTREZ_252884,ZNF396
random_forest,500,1,ENTREZ_79818,ZNF552
random_forest,500,1,ENTREZ_57116,ZNF695
random_forest,500,1,ENTREZ_80139,ZNF703
random_forest,500,2,ENTREZ_90288,EFCAB12
random_forest,500,2,ENTREZ_144568,A2ML1
random_forest,500,2,ENTREZ_18,ABAT
random_forest,500,2,ENTREZ_85320,ABCC11
random_forest,500,2,ENTREZ_6833,ABCC8
random_forest,500,2,ENTREZ_22885,ABLIM3
random_forest,500,2,ENTREZ_36,ACADSB
random_forest,500,2,ENTREZ_122970,ACOT4
random_forest,500,2,ENTREZ_170689,ADAMTS15
random_forest,500,2,ENTREZ_3899,AFF3
random_forest,500,2,ENTREZ_10551,AGR2
random_forest,500,2,ENTREZ_155465,AGR3
random_forest,500,2,ENTREZ_22977,AKR7A3
random_forest,500,2,ENTREZ_262,AMD1
random_forest,500,2,ENTREZ_276,AMY1A
random_forest,500,2,ENTREZ_57763,ANKRA2
random_forest,500,2,ENTREZ_91074,ANKRD30A
random_forest,500,2,ENTREZ_374860,ANKRD30B
random_forest,500,2,ENTREZ_54443,ANLN
random_forest,500,2,ENTREZ_8416,ANXA9
random_forest,500,2,ENTREZ_323,APBB2
random_forest,500,2,ENTREZ_83464,APH1B
random_forest,500,2,ENTREZ_367,AR
random_forest,500,2,ENTREZ_22901,ARSG
random_forest,500,2,ENTREZ_419,ART3
random_forest,500,2,ENTREZ_64225,ATL2
random_forest,500,2,ENTREZ_245973,ATP6V1C2
random_forest,500,2,ENTREZ_540,ATP7B
random_forest,500,2,ENTREZ_5205,ATP8B1
random_forest,500,2,ENTREZ_6790,AURKA
random_forest,500,2,ENTREZ_9212,AURKB
random_forest,500,2,ENTREZ_84002,B3GNT5
random_forest,500,2,ENTREZ_582,BBS1
random_forest,500,2,ENTREZ_585,BBS4
random_forest,500,2,ENTREZ_4059,BCAM
random_forest,500,2,ENTREZ_8537,BCAS1
random_forest,500,2,ENTREZ_53335,BCL11A
random_forest,500,2,ENTREZ_596,BCL2
random_forest,500,2,ENTREZ_332,BIRC5
random_forest,500,2,ENTREZ_641,BLM
random_forest,500,2,ENTREZ_671,BPI
random_forest,500,2,ENTREZ_10950,BTG3
random_forest,500,2,ENTREZ_699,BUB1
random_forest,500,2,ENTREZ_54838,C10orf26
random_forest,500,2,ENTREZ_119032,C10orf32
random_forest,500,2,ENTREZ_56935,C11orf75
random_forest,500,2,ENTREZ_254439,C11orf86
random_forest,500,2,ENTREZ_254013,C12orf72
random_forest,500,2,ENTREZ_161394,C14orf174
random_forest,500,2,ENTREZ_80127,C14orf45
random_forest,500,2,ENTREZ_90417,C15orf23
random_forest,500,2,ENTREZ_90381,C15orf42
random_forest,500,2,ENTREZ_56942,C16orf61
random_forest,500,2,ENTREZ_283987,C17orf28
random_forest,500,2,ENTREZ_352909,C19orf51
random_forest,500,2,ENTREZ_79000,C1orf135
random_forest,500,2,ENTREZ_149563,C1orf64
random_forest,500,2,ENTREZ_338761,C1QL4
random_forest,500,2,ENTREZ_26074,C20orf26
random_forest,500,2,ENTREZ_343990,C2orf55
random_forest,500,2,ENTREZ_132720,C4orf32
random_forest,500,2,ENTREZ_201895,C4orf34
random_forest,500,2,ENTREZ_285600,C5orf36
random_forest,500,2,ENTREZ_79624,C6orf211
random_forest,500,2,ENTREZ_221718,C6orf218
random_forest,500,2,ENTREZ_80129,C6orf97
random_forest,500,2,ENTREZ_79846,C7orf63
random_forest,500,2,ENTREZ_138162,C9orf116
random_forest,500,2,ENTREZ_401546,C9orf152
random_forest,500,2,ENTREZ_401535,C9orf170
random_forest,500,2,ENTREZ_55071,C9orf40
random_forest,500,2,ENTREZ_158067,C9orf98
random_forest,500,2,ENTREZ_771,CA12
random_forest,500,2,ENTREZ_776,CACNA1D
random_forest,500,2,ENTREZ_9254,CACNA2D2
random_forest,500,2,ENTREZ_79012,CAMKV
random_forest,500,2,ENTREZ_92291,CAPN13
random_forest,500,2,ENTREZ_388743,CAPN8
random_forest,500,2,ENTREZ_55259,CASC1
random_forest,500,2,ENTREZ_202243,CCDC125
random_forest,500,2,ENTREZ_79825,CCDC48
random_forest,500,2,ENTREZ_257236,CCDC96
random_forest,500,2,ENTREZ_887,CCKBR
random_forest,500,2,ENTREZ_890,CCNA2
random_forest,500,2,ENTREZ_9133,CCNB2
random_forest,500,2,ENTREZ_898,CCNE1
random_forest,500,2,ENTREZ_8872,CDC123
random_forest,500,2,ENTREZ_991,CDC20
random_forest,500,2,ENTREZ_993,CDC25A
random_forest,500,2,ENTREZ_8318,CDC45
random_forest,500,2,ENTREZ_157313,CDCA2
random_forest,500,2,ENTREZ_83461,CDCA3
random_forest,500,2,ENTREZ_113130,CDCA5
random_forest,500,2,ENTREZ_83879,CDCA7
random_forest,500,2,ENTREZ_55143,CDCA8
random_forest,500,2,ENTREZ_983,CDK1
random_forest,500,2,ENTREZ_8099,CDK2AP1
random_forest,500,2,ENTREZ_9620,CELSR1
random_forest,500,2,ENTREZ_1058,CENPA
random_forest,500,2,ENTREZ_55839,CENPN
random_forest,500,2,ENTREZ_79172,CENPO
random_forest,500,2,ENTREZ_387103,CENPW
random_forest,500,2,ENTREZ_55165,CEP55
random_forest,500,2,ENTREZ_1101,CHAD
random_forest,500,2,ENTREZ_1111,CHEK1
random_forest,500,2,ENTREZ_140578,CHODL
random_forest,500,2,ENTREZ_9435,CHST2
random_forest,500,2,ENTREZ_1153,CIRBP
random_forest,500,2,ENTREZ_1163,CKS1B
random_forest,500,2,ENTREZ_1183,CLCN4
random_forest,500,2,ENTREZ_64084,CLSTN2
random_forest,500,2,ENTREZ_134147,CMBL
random_forest,500,2,ENTREZ_10229,COQ7
random_forest,500,2,ENTREZ_1359,CPA3
random_forest,500,2,ENTREZ_132864,CPEB2
random_forest,500,2,ENTREZ_148327,CREB3L4
random_forest,500,2,ENTREZ_1408,CRY2
random_forest,500,2,ENTREZ_1410,CRYAB
random_forest,500,2,ENTREZ_196993,CT62
random_forest,500,2,ENTREZ_1503,CTPS
random_forest,500,2,ENTREZ_6374,CXCL5
random_forest,500,2,ENTREZ_100132994,CXorf49B
random_forest,500,2,ENTREZ_203413,CXorf61
random_forest,500,2,ENTREZ_51523,CXXC5
random_forest,500,2,ENTREZ_339761,CYP27C1
random_forest,500,2,ENTREZ_1556,CYP2B7P1
random_forest,500,2,ENTREZ_163720,CYP4Z2P
random_forest,500,2,ENTREZ_1602,DACH1
random_forest,500,2,ENTREZ_10926,DBF4
random_forest,500,2,ENTREZ_23109,DDN
random_forest,500,2,ENTREZ_123099,DEGS2
random_forest,500,2,ENTREZ_7913,DEK
random_forest,500,2,ENTREZ_55635,DEPDC1
random_forest,500,2,ENTREZ_1736,DKC1
random_forest,500,2,ENTREZ_9787,DLGAP5
random_forest,500,2,ENTREZ_1750,DLX6
random_forest,500,2,ENTREZ_285987,DLX6-AS1
random_forest,500,2,ENTREZ_1761,DMRT1
random_forest,500,2,ENTREZ_1767,DNAH5
random_forest,500,2,ENTREZ_56171,DNAH7
random_forest,500,2,ENTREZ_56521,DNAJC12
random_forest,500,2,ENTREZ_27000,DNAJC2
random_forest,500,2,ENTREZ_83544,DNAL1
random_forest,500,2,ENTREZ_7802,DNALI1
random_forest,500,2,ENTREZ_29980,DONSON
random_forest,500,2,ENTREZ_79075,DSCC1
random_forest,500,2,ENTREZ_83657,DYNLRB2
random_forest,500,2,ENTREZ_1870,E2F2
random_forest,500,2,ENTREZ_9718,ECE2
random_forest,500,2,ENTREZ_64800,EFCAB6
random_forest,500,2,ENTREZ_2019,EN1
random_forest,500,2,ENTREZ_2023,ENO1
random_forest,500,2,ENTREZ_5167,ENPP1
random_forest,500,2,ENTREZ_2066,ERBB4
random_forest,500,2,ENTREZ_57222,ERGIC1
random_forest,500,2,ENTREZ_2099,ESR1
random_forest,500,2,ENTREZ_83850,ESYT3
random_forest,500,2,ENTREZ_51466,EVL
random_forest,500,2,ENTREZ_9156,EXO1
random_forest,500,2,ENTREZ_54536,EXOC6
random_forest,500,2,ENTREZ_2146,EZH2
random_forest,500,2,ENTREZ_2155,F7
random_forest,500,2,ENTREZ_11124,FAF1
random_forest,500,2,ENTREZ_139285,FAM123B
random_forest,500,2,ENTREZ_84908,FAM136A
random_forest,500,2,ENTREZ_221061,FAM171A1
random_forest,500,2,ENTREZ_345757,FAM174A
random_forest,500,2,ENTREZ_400451,FAM174B
random_forest,500,2,ENTREZ_51313,FAM198B
random_forest,500,2,ENTREZ_284467,FAM19A3
random_forest,500,2,ENTREZ_100129583,FAM47E
random_forest,500,2,ENTREZ_113115,FAM54A
random_forest,500,2,ENTREZ_55793,FAM63A
random_forest,500,2,ENTREZ_54478,FAM64A
random_forest,500,2,ENTREZ_653820,FAM72B
random_forest,500,2,ENTREZ_81610,FAM83D
random_forest,500,2,ENTREZ_2175,FANCA
random_forest,500,2,ENTREZ_2187,FANCB
random_forest,500,2,ENTREZ_2178,FANCE
random_forest,500,2,ENTREZ_2203,FBP1
random_forest,500,2,ENTREZ_26234,FBXL5
random_forest,500,2,ENTREZ_130888,FBXO36
random_forest,500,2,ENTREZ_55612,FERMT1
random_forest,500,2,ENTREZ_9982,FGFBP1
random_forest,500,2,ENTREZ_399717,GATA3-AS1
random_forest,500,2,ENTREZ_3169,FOXA1
random_forest,500,2,ENTREZ_2296,FOXC1
random_forest,500,2,ENTREZ_2305,FOXM1
random_forest,500,2,ENTREZ_6624,FSCN1
random_forest,500,2,ENTREZ_161835,FSIP1
random_forest,500,2,ENTREZ_8326,FZD9
random_forest,500,2,ENTREZ_9568,GABBR2
random_forest,500,2,ENTREZ_2568,GABRP
random_forest,500,2,ENTREZ_51083,GAL
random_forest,500,2,ENTREZ_55568,GALNT10
random_forest,500,2,ENTREZ_51809,GALNT7
random_forest,500,2,ENTREZ_2593,GAMT
random_forest,500,2,ENTREZ_2625,GATA3
random_forest,500,2,ENTREZ_8200,GDF5
random_forest,500,2,ENTREZ_2674,GFRA1
random_forest,500,2,ENTREZ_2676,GFRA3
random_forest,500,2,ENTREZ_54826,GIN1
random_forest,500,2,ENTREZ_9837,GINS1
random_forest,500,2,ENTREZ_2707,GJB3
random_forest,500,2,ENTREZ_8833,GMPS
random_forest,500,2,ENTREZ_2813,GP2
random_forest,500,2,ENTREZ_23171,GPD1L
random_forest,500,2,ENTREZ_11321,GPN1
random_forest,500,2,ENTREZ_26996,GPR160
random_forest,500,2,ENTREZ_27202,GPR77
random_forest,500,2,ENTREZ_27198,GPR81
random_forest,500,2,ENTREZ_9687,GREB1
random_forest,500,2,ENTREZ_2925,GRPR
random_forest,500,2,ENTREZ_83903,GSG2
random_forest,500,2,ENTREZ_23560,GTPBP4
random_forest,500,2,ENTREZ_51512,GTSE1
random_forest,500,2,ENTREZ_145864,HAPLN3
random_forest,500,2,ENTREZ_55733,HHAT
random_forest,500,2,ENTREZ_55355,HJURP
random_forest,500,2,ENTREZ_3159,HMGA1
random_forest,500,2,ENTREZ_84072,HORMAD1
random_forest,500,2,ENTREZ_646962,HRCT1
random_forest,500,2,ENTREZ_8739,HRK
random_forest,500,2,ENTREZ_3475,IFRD1
random_forest,500,2,ENTREZ_3480,IGF1R
random_forest,500,2,ENTREZ_10644,IGF2BP2
random_forest,500,2,ENTREZ_10643,IGF2BP3
random_forest,500,2,ENTREZ_3595,IL12RB2
random_forest,500,2,ENTREZ_146433,IL34
random_forest,500,2,ENTREZ_27160,INGX
random_forest,500,2,ENTREZ_8821,INPP4B
random_forest,500,2,ENTREZ_27124,INPP5J
random_forest,500,2,ENTREZ_3712,IVD
random_forest,500,2,ENTREZ_56888,KCMF1
random_forest,500,2,ENTREZ_3755,KCNG1
random_forest,500,2,ENTREZ_3767,KCNJ11
random_forest,500,2,ENTREZ_60598,KCNK15
random_forest,500,2,ENTREZ_8645,KCNK5
random_forest,500,2,ENTREZ_9132,KCNQ4
random_forest,500,2,ENTREZ_3787,KCNS1
random_forest,500,2,ENTREZ_23030,KDM4B
random_forest,500,2,ENTREZ_9933,KIAA0020
random_forest,500,2,ENTREZ_9674,KIAA0040
random_forest,500,2,ENTREZ_9778,KIAA0232
random_forest,500,2,ENTREZ_57535,KIAA1324
random_forest,500,2,ENTREZ_56204,KIAA1370
random_forest,500,2,ENTREZ_81930,KIF18A
random_forest,500,2,ENTREZ_146909,KIF18B
random_forest,500,2,ENTREZ_11004,KIF2C
random_forest,500,2,ENTREZ_24137,KIF4A
random_forest,500,2,ENTREZ_3833,KIFC1
random_forest,500,2,ENTREZ_122773,KLHDC1
random_forest,500,2,ENTREZ_3868,KRT16
random_forest,500,2,ENTREZ_3875,KRT18
random_forest,500,2,ENTREZ_3857,KRT9
random_forest,500,2,ENTREZ_91133,L3MBTL4
random_forest,500,2,ENTREZ_9836,LCMT2
random_forest,500,2,ENTREZ_3945,LDHB
random_forest,500,2,ENTREZ_93273,LEMD1
random_forest,500,2,ENTREZ_51474,LIMA1
random_forest,500,2,ENTREZ_4010,LMX1B
random_forest,500,2,ENTREZ_100130148,MAPT-IT1
random_forest,500,2,ENTREZ_145837,DRAIC
random_forest,500,2,ENTREZ_284578,MFSD4A-AS1
random_forest,500,2,ENTREZ_84856,LINC00839
random_forest,500,2,ENTREZ_164832,LONRF2
random_forest,500,2,ENTREZ_23175,LPIN1
random_forest,500,2,ENTREZ_26018,LRIG1
random_forest,500,2,ENTREZ_7804,LRP8
random_forest,500,2,ENTREZ_90506,LRRC46
random_forest,500,2,ENTREZ_83450,LRRC48
random_forest,500,2,ENTREZ_123872,LRRC50
random_forest,500,2,ENTREZ_220074,LRTOMT
random_forest,500,2,ENTREZ_4085,MAD2L1
random_forest,500,2,ENTREZ_4115,MAGEB4
random_forest,500,2,ENTREZ_10916,MAGED2
random_forest,500,2,ENTREZ_4116,MAGOH
random_forest,500,2,ENTREZ_23324,MAN2B2
random_forest,500,2,ENTREZ_7786,MAP3K12
random_forest,500,2,ENTREZ_5596,MAPK4
random_forest,500,2,ENTREZ_4137,MAPT
random_forest,500,2,ENTREZ_8785,MATN4
random_forest,500,2,ENTREZ_64087,MCCC2
random_forest,500,2,ENTREZ_55388,MCM10
random_forest,500,2,ENTREZ_4175,MCM6
random_forest,500,2,ENTREZ_4176,MCM7
random_forest,500,2,ENTREZ_9833,MELK
random_forest,500,2,ENTREZ_51072,MEMO1
random_forest,500,2,ENTREZ_4241,MFI2
random_forest,500,2,ENTREZ_8190,MIA
random_forest,500,2,ENTREZ_85377,MICALL1
random_forest,500,2,ENTREZ_57496,MKL2
random_forest,500,2,ENTREZ_79083,MLPH
random_forest,500,2,ENTREZ_51678,MPP6
random_forest,500,2,ENTREZ_10232,MSLN
random_forest,500,2,ENTREZ_25902,MTHFD1L
random_forest,500,2,ENTREZ_4602,MYB
random_forest,500,2,ENTREZ_4605,MYBL2
random_forest,500,2,ENTREZ_55930,MYO5C
random_forest,500,2,ENTREZ_25924,MYRIP
random_forest,500,2,ENTREZ_9,NAT1
random_forest,500,2,ENTREZ_9918,NCAPD2
random_forest,500,2,ENTREZ_64151,NCAPG
random_forest,500,2,ENTREZ_23397,NCAPH
random_forest,500,2,ENTREZ_8440,NCK2
random_forest,500,2,ENTREZ_100188953,NCRNA00092
random_forest,500,2,ENTREZ_378825,NCRNA00162
random_forest,500,2,ENTREZ_10403,NDC80
random_forest,500,2,ENTREZ_29078,NDUFAF4
random_forest,500,2,ENTREZ_152110,NEK10
random_forest,500,2,ENTREZ_91754,NEK9
random_forest,500,2,ENTREZ_115677,NOSTRIN
random_forest,500,2,ENTREZ_10361,NPM2
random_forest,500,2,ENTREZ_7101,NR2E1
random_forest,500,2,ENTREZ_83594,NUDT12
random_forest,500,2,ENTREZ_83540,NUF2
random_forest,500,2,ENTREZ_9688,NUP93
random_forest,500,2,ENTREZ_158046,NXNL2
random_forest,500,2,ENTREZ_4948,OCA2
random_forest,500,2,ENTREZ_11339,OIP5
random_forest,500,2,ENTREZ_55301,OLAH
random_forest,500,2,ENTREZ_4986,OPRK1
random_forest,500,2,ENTREZ_4998,ORC1L
random_forest,500,2,ENTREZ_23594,ORC6L
random_forest,500,2,ENTREZ_54681,P4HTM
random_forest,500,2,ENTREZ_55003,PAK1IP1
random_forest,500,2,ENTREZ_9061,PAPSS1
random_forest,500,2,ENTREZ_126006,PCP2
random_forest,500,2,ENTREZ_54760,PCSK4
random_forest,500,2,ENTREZ_9141,PDCD5
random_forest,500,2,ENTREZ_10130,PDIA6
random_forest,500,2,ENTREZ_23590,PDSS1
random_forest,500,2,ENTREZ_54858,PGPEP1
random_forest,500,2,ENTREZ_5241,PGR
random_forest,500,2,ENTREZ_5347,PLK1
random_forest,500,2,ENTREZ_5351,PLOD1
random_forest,500,2,ENTREZ_135293,PM20D2
random_forest,500,2,ENTREZ_10721,POLQ
random_forest,500,2,ENTREZ_64425,POLR1E
random_forest,500,2,ENTREZ_5457,POU4F1
random_forest,500,2,ENTREZ_5460,POU5F1
random_forest,500,2,ENTREZ_81706,PPP1R14C
random_forest,500,2,ENTREZ_59336,PRDM13
random_forest,500,2,ENTREZ_57580,PREX1
random_forest,500,2,ENTREZ_5613,PRKX
random_forest,500,2,ENTREZ_222171,PRR15
random_forest,500,2,ENTREZ_285368,PRRT3
random_forest,500,2,ENTREZ_260429,PRSS33
random_forest,500,2,ENTREZ_29968,PSAT1
random_forest,500,2,ENTREZ_5690,PSMB2
random_forest,500,2,ENTREZ_11122,PTPRT
random_forest,500,2,ENTREZ_9232,PTTG1
random_forest,500,2,ENTREZ_5806,PTX3
random_forest,500,2,ENTREZ_5817,PVR
random_forest,500,2,ENTREZ_64284,RAB17
random_forest,500,2,ENTREZ_9135,RABEP1
random_forest,500,2,ENTREZ_5888,RAD51
random_forest,500,2,ENTREZ_10635,RAD51AP1
random_forest,500,2,ENTREZ_8438,RAD54L
random_forest,500,2,ENTREZ_154064,RAET1L
random_forest,500,2,ENTREZ_10742,RAI2
random_forest,500,2,ENTREZ_253959,RALGAPA1
random_forest,500,2,ENTREZ_55103,RALGPS2
random_forest,500,2,ENTREZ_5902,RANBP1
random_forest,500,2,ENTREZ_5914,RARA
random_forest,500,2,ENTREZ_5918,RARRES1
random_forest,500,2,ENTREZ_255426,RASGEF1C
random_forest,500,2,ENTREZ_84991,RBM17
random_forest,500,2,ENTREZ_55131,RBM28
random_forest,500,2,ENTREZ_54502,RBM47
random_forest,500,2,ENTREZ_65055,REEP1
random_forest,500,2,ENTREZ_7905,REEP5
random_forest,500,2,ENTREZ_92840,REEP6
random_forest,500,2,ENTREZ_85004,RERG
random_forest,500,2,ENTREZ_5984,RFC4
random_forest,500,2,ENTREZ_56963,RGMA
random_forest,500,2,ENTREZ_5995,RGR
random_forest,500,2,ENTREZ_8601,RGS20
random_forest,500,2,ENTREZ_26166,RGS22
random_forest,500,2,ENTREZ_51458,RHCG
random_forest,500,2,ENTREZ_6009,RHEB
random_forest,500,2,ENTREZ_388,RHOB
random_forest,500,2,ENTREZ_83732,RIOK1
random_forest,500,2,ENTREZ_8767,RIPK2
random_forest,500,2,ENTREZ_6017,RLBP1
random_forest,500,2,ENTREZ_246243,RNASEH1
random_forest,500,2,ENTREZ_27289,RND1
random_forest,500,2,ENTREZ_7844,RNF103
random_forest,500,2,ENTREZ_9025,RNF8
random_forest,500,2,ENTREZ_54763,ROPN1
random_forest,500,2,ENTREZ_152015,ROPN1B
random_forest,500,2,ENTREZ_9501,RPH3AL
random_forest,500,2,ENTREZ_22934,RPIA
random_forest,500,2,ENTREZ_146923,RUNDC1
random_forest,500,2,ENTREZ_374897,SBSN
random_forest,500,2,ENTREZ_6337,SCNN1A
random_forest,500,2,ENTREZ_57758,SCUBE2
random_forest,500,2,ENTREZ_9919,SEC16A
random_forest,500,2,ENTREZ_51091,SEPSECS
random_forest,500,2,ENTREZ_26135,SERBP1
random_forest,500,2,ENTREZ_256394,SERPINA11
random_forest,500,2,ENTREZ_6422,SFRP1
random_forest,500,2,ENTREZ_135295,SFRS13B
random_forest,500,2,ENTREZ_375035,SFT2D2
random_forest,500,2,ENTREZ_151648,SGOL1
random_forest,500,2,ENTREZ_79801,SHCBP1
random_forest,500,2,ENTREZ_54847,SIDT1
random_forest,500,2,ENTREZ_220134,SKA1
random_forest,500,2,ENTREZ_221150,SKA3
random_forest,500,2,ENTREZ_6500,SKP1
random_forest,500,2,ENTREZ_6564,SLC15A1
random_forest,500,2,ENTREZ_9120,SLC16A6
random_forest,500,2,ENTREZ_6584,SLC22A5
random_forest,500,2,ENTREZ_115019,SLC26A9
random_forest,500,2,ENTREZ_25800,SLC39A6
random_forest,500,2,ENTREZ_29015,SLC43A3
random_forest,500,2,ENTREZ_80736,SLC44A4
random_forest,500,2,ENTREZ_9498,SLC4A8
random_forest,500,2,ENTREZ_6530,SLC6A2
random_forest,500,2,ENTREZ_8140,SLC7A5
random_forest,500,2,ENTREZ_23428,SLC7A8
random_forest,500,2,ENTREZ_6664,SOX11
random_forest,500,2,ENTREZ_25803,SPDEF
random_forest,500,2,ENTREZ_25876,SPEF1
random_forest,500,2,ENTREZ_79925,SPEF2
random_forest,500,2,ENTREZ_6732,SRPK1
random_forest,500,2,ENTREZ_6769,STAC
random_forest,500,2,ENTREZ_6491,STIL
random_forest,500,2,ENTREZ_55351,STK32B
random_forest,500,2,ENTREZ_11329,STK38
random_forest,500,2,ENTREZ_6821,SUOX
random_forest,500,2,ENTREZ_203328,SUSD3
random_forest,500,2,ENTREZ_79723,SUV39H2
random_forest,500,2,ENTREZ_55638,SYBU
random_forest,500,2,ENTREZ_143425,SYT9
random_forest,500,2,ENTREZ_54843,SYTL2
random_forest,500,2,ENTREZ_94121,SYTL4
random_forest,500,2,ENTREZ_94122,SYTL5
random_forest,500,2,ENTREZ_93624,TADA2B
random_forest,500,2,ENTREZ_23158,TBC1D9
random_forest,500,2,ENTREZ_9095,TBX19
random_forest,500,2,ENTREZ_9338,TCEAL1
random_forest,500,2,ENTREZ_6941,TCF19
random_forest,500,2,ENTREZ_83439,TCF7L1
random_forest,500,2,ENTREZ_23371,TENC1
random_forest,500,2,ENTREZ_54881,TEX10
random_forest,500,2,ENTREZ_7031,TFF1
random_forest,500,2,ENTREZ_7033,TFF3
random_forest,500,2,ENTREZ_79875,THSD4
random_forest,500,2,ENTREZ_166815,TIGD2
random_forest,500,2,ENTREZ_7090,TLE3
random_forest,500,2,ENTREZ_51643,TMBIM4
random_forest,500,2,ENTREZ_7009,TMBIM6
random_forest,500,2,ENTREZ_79838,TMC5
random_forest,500,2,ENTREZ_9911,TMCC2
random_forest,500,2,ENTREZ_55314,TMEM144
random_forest,500,2,ENTREZ_84866,TMEM25
random_forest,500,2,ENTREZ_55116,TMEM39B
random_forest,500,2,ENTREZ_57156,TMEM63C
random_forest,500,2,ENTREZ_27324,TOX3
random_forest,500,2,ENTREZ_285386,TPRG1
random_forest,500,2,ENTREZ_22974,TPX2
random_forest,500,2,ENTREZ_10612,TRIM3
random_forest,500,2,ENTREZ_9319,TRIP13
random_forest,500,2,ENTREZ_1831,TSC22D3
random_forest,500,2,ENTREZ_10103,TSPAN1
random_forest,500,2,ENTREZ_27075,TSPAN13
random_forest,500,2,ENTREZ_143941,TTC36
random_forest,500,2,ENTREZ_22996,TTC39A
random_forest,500,2,ENTREZ_123016,TTC8
random_forest,500,2,ENTREZ_7272,TTK
random_forest,500,2,ENTREZ_9654,TTLL4
random_forest,500,2,ENTREZ_57348,TTYH1
random_forest,500,2,ENTREZ_84790,TUBA1C
random_forest,500,2,ENTREZ_203068,TUBB
random_forest,500,2,ENTREZ_11065,UBE2C
random_forest,500,2,ENTREZ_29089,UBE2T
random_forest,500,2,ENTREZ_127733,UBXN10
random_forest,500,2,ENTREZ_165324,UBXN2A
random_forest,500,2,ENTREZ_7371,UCK2
random_forest,500,2,ENTREZ_7368,UGT8
random_forest,500,2,ENTREZ_7388,UQCRH
random_forest,500,2,ENTREZ_10451,VAV3
random_forest,500,2,ENTREZ_51442,VGLL1
random_forest,500,2,ENTREZ_57728,WDR19
random_forest,500,2,ENTREZ_7466,WFS1
random_forest,500,2,ENTREZ_7475,WNT6
random_forest,500,2,ENTREZ_11059,WWP1
random_forest,500,2,ENTREZ_7494,XBP1
random_forest,500,2,ENTREZ_57510,XPO5
random_forest,500,2,ENTREZ_4904,YBX1
random_forest,500,2,ENTREZ_55689,YEATS2
random_forest,500,2,ENTREZ_100128927,ZBTB42
random_forest,500,2,ENTREZ_124220,ZG16B
random_forest,500,2,ENTREZ_7545,ZIC1
random_forest,500,2,ENTREZ_51364,ZMYND10
random_forest,500,2,ENTREZ_252884,ZNF396
random_forest,500,2,ENTREZ_79818,ZNF552
random_forest,500,2,ENTREZ_57116,ZNF695
random_forest,500,2,ENTREZ_80139,ZNF703
random_forest,500,3,ENTREZ_90288,EFCAB12
random_forest,500,3,ENTREZ_144568,A2ML1
random_forest,500,3,ENTREZ_18,ABAT
random_forest,500,3,ENTREZ_154664,ABCA13
random_forest,500,3,ENTREZ_85320,ABCC11
random_forest,500,3,ENTREZ_6833,ABCC8
random_forest,500,3,ENTREZ_22885,ABLIM3
random_forest,500,3,ENTREZ_36,ACADSB
random_forest,500,3,ENTREZ_59272,ACE2
random_forest,500,3,ENTREZ_122970,ACOT4
random_forest,500,3,ENTREZ_170689,ADAMTS15
random_forest,500,3,ENTREZ_115,ADCY9
random_forest,500,3,ENTREZ_3899,AFF3
random_forest,500,3,ENTREZ_10551,AGR2
random_forest,500,3,ENTREZ_155465,AGR3
random_forest,500,3,ENTREZ_22977,AKR7A3
random_forest,500,3,ENTREZ_262,AMD1
random_forest,500,3,ENTREZ_276,AMY1A
random_forest,500,3,ENTREZ_57763,ANKRA2
random_forest,500,3,ENTREZ_91074,ANKRD30A
random_forest,500,3,ENTREZ_54443,ANLN
random_forest,500,3,ENTREZ_81611,ANP32E
random_forest,500,3,ENTREZ_8416,ANXA9
random_forest,500,3,ENTREZ_323,APBB2
random_forest,500,3,ENTREZ_83464,APH1B
random_forest,500,3,ENTREZ_367,AR
random_forest,500,3,ENTREZ_9824,ARHGAP11A
random_forest,500,3,ENTREZ_22901,ARSG
random_forest,500,3,ENTREZ_419,ART3
random_forest,500,3,ENTREZ_259266,ASPM
random_forest,500,3,ENTREZ_64225,ATL2
random_forest,500,3,ENTREZ_245973,ATP6V1C2
random_forest,500,3,ENTREZ_5205,ATP8B1
random_forest,500,3,ENTREZ_6790,AURKA
random_forest,500,3,ENTREZ_9212,AURKB
random_forest,500,3,ENTREZ_84002,B3GNT5
random_forest,500,3,ENTREZ_582,BBS1
random_forest,500,3,ENTREZ_585,BBS4
random_forest,500,3,ENTREZ_4059,BCAM
random_forest,500,3,ENTREZ_8537,BCAS1
random_forest,500,3,ENTREZ_53335,BCL11A
random_forest,500,3,ENTREZ_596,BCL2
random_forest,500,3,ENTREZ_332,BIRC5
random_forest,500,3,ENTREZ_641,BLM
random_forest,500,3,ENTREZ_699,BUB1
random_forest,500,3,ENTREZ_701,BUB1B
random_forest,500,3,ENTREZ_119032,C10orf32
random_forest,500,3,ENTREZ_254439,C11orf86
random_forest,500,3,ENTREZ_161394,C14orf174
random_forest,500,3,ENTREZ_80127,C14orf45
random_forest,500,3,ENTREZ_90417,C15orf23
random_forest,500,3,ENTREZ_90381,C15orf42
random_forest,500,3,ENTREZ_79650,C16orf57
random_forest,500,3,ENTREZ_56942,C16orf61
random_forest,500,3,ENTREZ_283987,C17orf28
random_forest,500,3,ENTREZ_352909,C19orf51
random_forest,500,3,ENTREZ_79000,C1orf135
random_forest,500,3,ENTREZ_149563,C1orf64
random_forest,500,3,ENTREZ_338761,C1QL4
random_forest,500,3,ENTREZ_132720,C4orf32
random_forest,500,3,ENTREZ_201895,C4orf34
random_forest,500,3,ENTREZ_90355,C5orf30
random_forest,500,3,ENTREZ_285600,C5orf36
random_forest,500,3,ENTREZ_29113,C6orf15
random_forest,500,3,ENTREZ_79624,C6orf211
random_forest,500,3,ENTREZ_221718,C6orf218
random_forest,500,3,ENTREZ_80129,C6orf97
random_forest,500,3,ENTREZ_79846,C7orf63
random_forest,500,3,ENTREZ_138162,C9orf116
random_forest,500,3,ENTREZ_401546,C9orf152
random_forest,500,3,ENTREZ_401535,C9orf170
random_forest,500,3,ENTREZ_91283,C9orf30
random_forest,500,3,ENTREZ_158067,C9orf98
random_forest,500,3,ENTREZ_771,CA12
random_forest,500,3,ENTREZ_9254,CACNA2D2
random_forest,500,3,ENTREZ_79012,CAMKV
random_forest,500,3,ENTREZ_92291,CAPN13
random_forest,500,3,ENTREZ_388743,CAPN8
random_forest,500,3,ENTREZ_55259,CASC1
random_forest,500,3,ENTREZ_84733,CBX2
random_forest,500,3,ENTREZ_388389,CCDC103
random_forest,500,3,ENTREZ_202243,CCDC125
random_forest,500,3,ENTREZ_84318,CCDC77
random_forest,500,3,ENTREZ_257236,CCDC96
random_forest,500,3,ENTREZ_887,CCKBR
random_forest,500,3,ENTREZ_890,CCNA2
random_forest,500,3,ENTREZ_9133,CCNB2
random_forest,500,3,ENTREZ_898,CCNE1
random_forest,500,3,ENTREZ_8872,CDC123
random_forest,500,3,ENTREZ_991,CDC20
random_forest,500,3,ENTREZ_993,CDC25A
random_forest,500,3,ENTREZ_8318,CDC45
random_forest,500,3,ENTREZ_157313,CDCA2
random_forest,500,3,ENTREZ_83461,CDCA3
random_forest,500,3,ENTREZ_113130,CDCA5
random_forest,500,3,ENTREZ_83879,CDCA7
random_forest,500,3,ENTREZ_55143,CDCA8
random_forest,500,3,ENTREZ_983,CDK1
random_forest,500,3,ENTREZ_8099,CDK2AP1
random_forest,500,3,ENTREZ_1033,CDKN3
random_forest,500,3,ENTREZ_9620,CELSR1
random_forest,500,3,ENTREZ_1058,CENPA
random_forest,500,3,ENTREZ_1062,CENPE
random_forest,500,3,ENTREZ_55839,CENPN
random_forest,500,3,ENTREZ_79172,CENPO
random_forest,500,3,ENTREZ_387103,CENPW
random_forest,500,3,ENTREZ_55165,CEP55
random_forest,500,3,ENTREZ_1101,CHAD
random_forest,500,3,ENTREZ_1111,CHEK1
random_forest,500,3,ENTREZ_140578,CHODL
random_forest,500,3,ENTREZ_1153,CIRBP
random_forest,500,3,ENTREZ_1163,CKS1B
random_forest,500,3,ENTREZ_1183,CLCN4
random_forest,500,3,ENTREZ_64084,CLSTN2
random_forest,500,3,ENTREZ_134147,CMBL
random_forest,500,3,ENTREZ_132864,CPEB2
random_forest,500,3,ENTREZ_148327,CREB3L4
random_forest,500,3,ENTREZ_1408,CRY2
random_forest,500,3,ENTREZ_1410,CRYAB
random_forest,500,3,ENTREZ_1466,CSRP2
random_forest,500,3,ENTREZ_196993,CT62
random_forest,500,3,ENTREZ_1503,CTPS
random_forest,500,3,ENTREZ_1515,CTSL2
random_forest,500,3,ENTREZ_6374,CXCL5
random_forest,500,3,ENTREZ_100132994,CXorf49B
random_forest,500,3,ENTREZ_203413,CXorf61
random_forest,500,3,ENTREZ_51523,CXXC5
random_forest,500,3,ENTREZ_339761,CYP27C1
random_forest,500,3,ENTREZ_1556,CYP2B7P1
random_forest,500,3,ENTREZ_163720,CYP4Z2P
random_forest,500,3,ENTREZ_1602,DACH1
random_forest,500,3,ENTREZ_55152,DALRD3
random_forest,500,3,ENTREZ_10926,DBF4
random_forest,500,3,ENTREZ_23109,DDN
random_forest,500,3,ENTREZ_123099,DEGS2
random_forest,500,3,ENTREZ_7913,DEK
random_forest,500,3,ENTREZ_55635,DEPDC1
random_forest,500,3,ENTREZ_55789,DEPDC1B
random_forest,500,3,ENTREZ_1736,DKC1
random_forest,500,3,ENTREZ_9787,DLGAP5
random_forest,500,3,ENTREZ_1750,DLX6
random_forest,500,3,ENTREZ_56171,DNAH7
random_forest,500,3,ENTREZ_56521,DNAJC12
random_forest,500,3,ENTREZ_83544,DNAL1
random_forest,500,3,ENTREZ_7802,DNALI1
random_forest,500,3,ENTREZ_1789,DNMT3B
random_forest,500,3,ENTREZ_29980,DONSON
random_forest,500,3,ENTREZ_79075,DSCC1
random_forest,500,3,ENTREZ_83657,DYNLRB2
random_forest,500,3,ENTREZ_1870,E2F2
random_forest,500,3,ENTREZ_1871,E2F3
random_forest,500,3,ENTREZ_9718,ECE2
random_forest,500,3,ENTREZ_64800,EFCAB6
random_forest,500,3,ENTREZ_2019,EN1
random_forest,500,3,ENTREZ_2023,ENO1
random_forest,500,3,ENTREZ_2066,ERBB4
random_forest,500,3,ENTREZ_57222,ERGIC1
random_forest,500,3,ENTREZ_2099,ESR1
random_forest,500,3,ENTREZ_83850,ESYT3
random_forest,500,3,ENTREZ_51466,EVL
random_forest,500,3,ENTREZ_9156,EXO1
random_forest,500,3,ENTREZ_54536,EXOC6
random_forest,500,3,ENTREZ_2146,EZH2
random_forest,500,3,ENTREZ_2155,F7
random_forest,500,3,ENTREZ_2173,FABP7
random_forest,500,3,ENTREZ_139285,FAM123B
random_forest,500,3,ENTREZ_84908,FAM136A
random_forest,500,3,ENTREZ_221061,FAM171A1
random_forest,500,3,ENTREZ_345757,FAM174A
random_forest,500,3,ENTREZ_400451,FAM174B
random_forest,500,3,ENTREZ_51313,FAM198B
random_forest,500,3,ENTREZ_284467,FAM19A3
random_forest,500,3,ENTREZ_100129583,FAM47E
random_forest,500,3,ENTREZ_113115,FAM54A
random_forest,500,3,ENTREZ_55793,FAM63A
random_forest,500,3,ENTREZ_54478,FAM64A
random_forest,500,3,ENTREZ_653820,FAM72B
random_forest,500,3,ENTREZ_81610,FAM83D
random_forest,500,3,ENTREZ_2175,FANCA
random_forest,500,3,ENTREZ_2187,FANCB
random_forest,500,3,ENTREZ_2203,FBP1
random_forest,500,3,ENTREZ_26234,FBXL5
random_forest,500,3,ENTREZ_130888,FBXO36
random_forest,500,3,ENTREZ_55612,FERMT1
random_forest,500,3,ENTREZ_89846,FGD3
random_forest,500,3,ENTREZ_9982,FGFBP1
random_forest,500,3,ENTREZ_399717,GATA3-AS1
random_forest,500,3,ENTREZ_3169,FOXA1
random_forest,500,3,ENTREZ_2296,FOXC1
random_forest,500,3,ENTREZ_2305,FOXM1
random_forest,500,3,ENTREZ_6624,FSCN1
random_forest,500,3,ENTREZ_161835,FSIP1
random_forest,500,3,ENTREZ_8326,FZD9
random_forest,500,3,ENTREZ_9568,GABBR2
random_forest,500,3,ENTREZ_2568,GABRP
random_forest,500,3,ENTREZ_51083,GAL
random_forest,500,3,ENTREZ_2593,GAMT
random_forest,500,3,ENTREZ_2625,GATA3
random_forest,500,3,ENTREZ_8200,GDF5
random_forest,500,3,ENTREZ_2674,GFRA1
random_forest,500,3,ENTREZ_2676,GFRA3
random_forest,500,3,ENTREZ_54826,GIN1
random_forest,500,3,ENTREZ_9837,GINS1
random_forest,500,3,ENTREZ_2707,GJB3
random_forest,500,3,ENTREZ_8833,GMPS
random_forest,500,3,ENTREZ_2813,GP2
random_forest,500,3,ENTREZ_23171,GPD1L
random_forest,500,3,ENTREZ_2824,GPM6B
random_forest,500,3,ENTREZ_11321,GPN1
random_forest,500,3,ENTREZ_26996,GPR160
random_forest,500,3,ENTREZ_27202,GPR77
random_forest,500,3,ENTREZ_29899,GPSM2
random_forest,500,3,ENTREZ_9687,GREB1
random_forest,500,3,ENTREZ_2925,GRPR
random_forest,500,3,ENTREZ_83903,GSG2
random_forest,500,3,ENTREZ_2950,GSTP1
random_forest,500,3,ENTREZ_23560,GTPBP4
random_forest,500,3,ENTREZ_51512,GTSE1
random_forest,500,3,ENTREZ_145864,HAPLN3
random_forest,500,3,ENTREZ_10614,HEXIM1
random_forest,500,3,ENTREZ_55733,HHAT
random_forest,500,3,ENTREZ_55355,HJURP
random_forest,500,3,ENTREZ_3159,HMGA1
random_forest,500,3,ENTREZ_84072,HORMAD1
random_forest,500,3,ENTREZ_3475,IFRD1
random_forest,500,3,ENTREZ_10644,IGF2BP2
random_forest,500,3,ENTREZ_10643,IGF2BP3
random_forest,500,3,ENTREZ_3483,IGFALS
random_forest,500,3,ENTREZ_3595,IL12RB2
random_forest,500,3,ENTREZ_27160,INGX
random_forest,500,3,ENTREZ_8821,INPP4B
random_forest,500,3,ENTREZ_27124,INPP5J
random_forest,500,3,ENTREZ_3712,IVD
random_forest,500,3,ENTREZ_56888,KCMF1
random_forest,500,3,ENTREZ_3755,KCNG1
random_forest,500,3,ENTREZ_3767,KCNJ11
random_forest,500,3,ENTREZ_60598,KCNK15
random_forest,500,3,ENTREZ_8645,KCNK5
random_forest,500,3,ENTREZ_9132,KCNQ4
random_forest,500,3,ENTREZ_3787,KCNS1
random_forest,500,3,ENTREZ_23030,KDM4B
random_forest,500,3,ENTREZ_9933,KIAA0020
random_forest,500,3,ENTREZ_9778,KIAA0232
random_forest,500,3,ENTREZ_57535,KIAA1324
random_forest,500,3,ENTREZ_56204,KIAA1370
random_forest,500,3,ENTREZ_9928,KIF14
random_forest,500,3,ENTREZ_56992,KIF15
random_forest,500,3,ENTREZ_81930,KIF18A
random_forest,500,3,ENTREZ_146909,KIF18B
random_forest,500,3,ENTREZ_10112,KIF20A
random_forest,500,3,ENTREZ_9493,KIF23
random_forest,500,3,ENTREZ_11004,KIF2C
random_forest,500,3,ENTREZ_24137,KIF4A
random_forest,500,3,ENTREZ_3833,KIFC1
random_forest,500,3,ENTREZ_5653,KLK6
random_forest,500,3,ENTREZ_3868,KRT16
random_forest,500,3,ENTREZ_3875,KRT18
random_forest,500,3,ENTREZ_3854,KRT6B
random_forest,500,3,ENTREZ_286887,KRT6C
random_forest,500,3,ENTREZ_3857,KRT9
random_forest,500,3,ENTREZ_91133,L3MBTL4
random_forest,500,3,ENTREZ_9836,LCMT2
random_forest,500,3,ENTREZ_3938,LCT
random_forest,500,3,ENTREZ_3945,LDHB
random_forest,500,3,ENTREZ_93273,LEMD1
random_forest,500,3,ENTREZ_51474,LIMA1
random_forest,500,3,ENTREZ_4010,LMX1B
random_forest,500,3,ENTREZ_100130148,MAPT-IT1
random_forest,500,3,ENTREZ_145837,DRAIC
random_forest,500,3,ENTREZ_284578,MFSD4A-AS1
random_forest,500,3,ENTREZ_285629,LINC02159
random_forest,500,3,ENTREZ_84740,AFAP1-AS1
random_forest,500,3,ENTREZ_84856,LINC00839
random_forest,500,3,ENTREZ_164832,LONRF2
random_forest,500,3,ENTREZ_23175,LPIN1
random_forest,500,3,ENTREZ_4025,LPO
random_forest,500,3,ENTREZ_7804,LRP8
random_forest,500,3,ENTREZ_90506,LRRC46
random_forest,500,3,ENTREZ_83450,LRRC48
random_forest,500,3,ENTREZ_123872,LRRC50
random_forest,500,3,ENTREZ_220074,LRTOMT
random_forest,500,3,ENTREZ_4085,MAD2L1
random_forest,500,3,ENTREZ_4115,MAGEB4
random_forest,500,3,ENTREZ_10916,MAGED2
random_forest,500,3,ENTREZ_7786,MAP3K12
random_forest,500,3,ENTREZ_5596,MAPK4
random_forest,500,3,ENTREZ_4137,MAPT
random_forest,500,3,ENTREZ_8785,MATN4
random_forest,500,3,ENTREZ_64087,MCCC2
random_forest,500,3,ENTREZ_55388,MCM10
random_forest,500,3,ENTREZ_4171,MCM2
random_forest,500,3,ENTREZ_4175,MCM6
random_forest,500,3,ENTREZ_4176,MCM7
random_forest,500,3,ENTREZ_9833,MELK
random_forest,500,3,ENTREZ_51072,MEMO1
random_forest,500,3,ENTREZ_4241,MFI2
random_forest,500,3,ENTREZ_8190,MIA
random_forest,500,3,ENTREZ_85377,MICALL1
random_forest,500,3,ENTREZ_57496,MKL2
random_forest,500,3,ENTREZ_79083,MLPH
random_forest,500,3,ENTREZ_10943,MSL3
random_forest,500,3,ENTREZ_25902,MTHFD1L
random_forest,500,3,ENTREZ_4602,MYB
random_forest,500,3,ENTREZ_4605,MYBL2
random_forest,500,3,ENTREZ_9,NAT1
random_forest,500,3,ENTREZ_9918,NCAPD2
random_forest,500,3,ENTREZ_64151,NCAPG
random_forest,500,3,ENTREZ_23397,NCAPH
random_forest,500,3,ENTREZ_8440,NCK2
random_forest,500,3,ENTREZ_100188953,NCRNA00092
random_forest,500,3,ENTREZ_10403,NDC80
random_forest,500,3,ENTREZ_55247,NEIL3
random_forest,500,3,ENTREZ_152110,NEK10
random_forest,500,3,ENTREZ_115677,NOSTRIN
random_forest,500,3,ENTREZ_10361,NPM2
random_forest,500,3,ENTREZ_7101,NR2E1
random_forest,500,3,ENTREZ_83594,NUDT12
random_forest,500,3,ENTREZ_11164,NUDT5
random_forest,500,3,ENTREZ_83540,NUF2
random_forest,500,3,ENTREZ_9688,NUP93
random_forest,500,3,ENTREZ_158046,NXNL2
random_forest,500,3,ENTREZ_4948,OCA2
random_forest,500,3,ENTREZ_11339,OIP5
random_forest,500,3,ENTREZ_55301,OLAH
random_forest,500,3,ENTREZ_4986,OPRK1
random_forest,500,3,ENTREZ_4998,ORC1L
random_forest,500,3,ENTREZ_23594,ORC6L
random_forest,500,3,ENTREZ_54681,P4HTM
random_forest,500,3,ENTREZ_11240,PADI2
random_forest,500,3,ENTREZ_55003,PAK1IP1
random_forest,500,3,ENTREZ_9061,PAPSS1
random_forest,500,3,ENTREZ_84105,PCBD2
random_forest,500,3,ENTREZ_126006,PCP2
random_forest,500,3,ENTREZ_54760,PCSK4
random_forest,500,3,ENTREZ_9141,PDCD5
random_forest,500,3,ENTREZ_5160,PDHA1
random_forest,500,3,ENTREZ_10130,PDIA6
random_forest,500,3,ENTREZ_23590,PDSS1
random_forest,500,3,ENTREZ_54858,PGPEP1
random_forest,500,3,ENTREZ_5241,PGR
random_forest,500,3,ENTREZ_80119,PIF1
random_forest,500,3,ENTREZ_5347,PLK1
random_forest,500,3,ENTREZ_5351,PLOD1
random_forest,500,3,ENTREZ_135293,PM20D2
random_forest,500,3,ENTREZ_10721,POLQ
random_forest,500,3,ENTREZ_5457,POU4F1
random_forest,500,3,ENTREZ_5460,POU5F1
random_forest,500,3,ENTREZ_81706,PPP1R14C
random_forest,500,3,ENTREZ_59336,PRDM13
random_forest,500,3,ENTREZ_57580,PREX1
random_forest,500,3,ENTREZ_5558,PRIM2
random_forest,500,3,ENTREZ_5613,PRKX
random_forest,500,3,ENTREZ_222171,PRR15
random_forest,500,3,ENTREZ_285368,PRRT3
random_forest,500,3,ENTREZ_260429,PRSS33
random_forest,500,3,ENTREZ_29968,PSAT1
random_forest,500,3,ENTREZ_5690,PSMB2
random_forest,500,3,ENTREZ_11122,PTPRT
random_forest,500,3,ENTREZ_9232,PTTG1
random_forest,500,3,ENTREZ_5806,PTX3
random_forest,500,3,ENTREZ_64284,RAB17
random_forest,500,3,ENTREZ_9135,RABEP1
random_forest,500,3,ENTREZ_5888,RAD51
random_forest,500,3,ENTREZ_10635,RAD51AP1
random_forest,500,3,ENTREZ_8438,RAD54L
random_forest,500,3,ENTREZ_154064,RAET1L
random_forest,500,3,ENTREZ_55103,RALGPS2
random_forest,500,3,ENTREZ_5902,RANBP1
random_forest,500,3,ENTREZ_5914,RARA
random_forest,500,3,ENTREZ_255426,RASGEF1C
random_forest,500,3,ENTREZ_84991,RBM17
random_forest,500,3,ENTREZ_54502,RBM47
random_forest,500,3,ENTREZ_65055,REEP1
random_forest,500,3,ENTREZ_92840,REEP6
random_forest,500,3,ENTREZ_85004,RERG
random_forest,500,3,ENTREZ_5984,RFC4
random_forest,500,3,ENTREZ_56963,RGMA
random_forest,500,3,ENTREZ_5995,RGR
random_forest,500,3,ENTREZ_26166,RGS22
random_forest,500,3,ENTREZ_51458,RHCG
random_forest,500,3,ENTREZ_388,RHOB
random_forest,500,3,ENTREZ_83732,RIOK1
random_forest,500,3,ENTREZ_6017,RLBP1
random_forest,500,3,ENTREZ_27289,RND1
random_forest,500,3,ENTREZ_7844,RNF103
random_forest,500,3,ENTREZ_54763,ROPN1
random_forest,500,3,ENTREZ_152015,ROPN1B
random_forest,500,3,ENTREZ_22934,RPIA
random_forest,500,3,ENTREZ_6241,RRM2
random_forest,500,3,ENTREZ_89765,RSPH1
random_forest,500,3,ENTREZ_146760,RTN4RL1
random_forest,500,3,ENTREZ_146923,RUNDC1
random_forest,500,3,ENTREZ_374897,SBSN
random_forest,500,3,ENTREZ_29970,SCHIP1
random_forest,500,3,ENTREZ_6337,SCNN1A
random_forest,500,3,ENTREZ_11341,SCRG1
random_forest,500,3,ENTREZ_57758,SCUBE2
random_forest,500,3,ENTREZ_22929,SEPHS1
random_forest,500,3,ENTREZ_51091,SEPSECS
random_forest,500,3,ENTREZ_256394,SERPINA11
random_forest,500,3,ENTREZ_6422,SFRP1
random_forest,500,3,ENTREZ_135295,SFRS13B
random_forest,500,3,ENTREZ_375035,SFT2D2
random_forest,500,3,ENTREZ_151648,SGOL1
random_forest,500,3,ENTREZ_399694,SHC4
random_forest,500,3,ENTREZ_79801,SHCBP1
random_forest,500,3,ENTREZ_54847,SIDT1
random_forest,500,3,ENTREZ_220134,SKA1
random_forest,500,3,ENTREZ_221150,SKA3
random_forest,500,3,ENTREZ_6500,SKP1
random_forest,500,3,ENTREZ_6564,SLC15A1
random_forest,500,3,ENTREZ_9120,SLC16A6
random_forest,500,3,ENTREZ_6584,SLC22A5
random_forest,500,3,ENTREZ_115019,SLC26A9
random_forest,500,3,ENTREZ_25800,SLC39A6
random_forest,500,3,ENTREZ_80736,SLC44A4
random_forest,500,3,ENTREZ_9498,SLC4A8
random_forest,500,3,ENTREZ_11254,SLC6A14
random_forest,500,3,ENTREZ_6530,SLC6A2
random_forest,500,3,ENTREZ_8140,SLC7A5
random_forest,500,3,ENTREZ_23428,SLC7A8
random_forest,500,3,ENTREZ_6664,SOX11
random_forest,500,3,ENTREZ_25803,SPDEF
random_forest,500,3,ENTREZ_25876,SPEF1
random_forest,500,3,ENTREZ_79925,SPEF2
random_forest,500,3,ENTREZ_6732,SRPK1
random_forest,500,3,ENTREZ_6769,STAC
random_forest,500,3,ENTREZ_10809,STARD10
random_forest,500,3,ENTREZ_6491,STIL
random_forest,500,3,ENTREZ_55351,STK32B
random_forest,500,3,ENTREZ_3925,STMN1
random_forest,500,3,ENTREZ_6821,SUOX
random_forest,500,3,ENTREZ_203328,SUSD3
random_forest,500,3,ENTREZ_79723,SUV39H2
random_forest,500,3,ENTREZ_55638,SYBU
random_forest,500,3,ENTREZ_143425,SYT9
random_forest,500,3,ENTREZ_54843,SYTL2
random_forest,500,3,ENTREZ_94121,SYTL4
random_forest,500,3,ENTREZ_94122,SYTL5
random_forest,500,3,ENTREZ_93624,TADA2B
random_forest,500,3,ENTREZ_23158,TBC1D9
random_forest,500,3,ENTREZ_9095,TBX19
random_forest,500,3,ENTREZ_9338,TCEAL1
random_forest,500,3,ENTREZ_6941,TCF19
random_forest,500,3,ENTREZ_83439,TCF7L1
random_forest,500,3,ENTREZ_23371,TENC1
random_forest,500,3,ENTREZ_54881,TEX10
random_forest,500,3,ENTREZ_7031,TFF1
random_forest,500,3,ENTREZ_7033,TFF3
random_forest,500,3,ENTREZ_79875,THSD4
random_forest,500,3,ENTREZ_166815,TIGD2
random_forest,500,3,ENTREZ_7090,TLE3
random_forest,500,3,ENTREZ_51643,TMBIM4
random_forest,500,3,ENTREZ_7009,TMBIM6
random_forest,500,3,ENTREZ_147798,TMC4
random_forest,500,3,ENTREZ_9911,TMCC2
random_forest,500,3,ENTREZ_84866,TMEM25
random_forest,500,3,ENTREZ_120224,TMEM45B
random_forest,500,3,ENTREZ_57156,TMEM63C
random_forest,500,3,ENTREZ_285386,TPRG1
random_forest,500,3,ENTREZ_22974,TPX2
random_forest,500,3,ENTREZ_23650,TRIM29
random_forest,500,3,ENTREZ_10612,TRIM3
random_forest,500,3,ENTREZ_9319,TRIP13
random_forest,500,3,ENTREZ_10024,TROAP
random_forest,500,3,ENTREZ_10103,TSPAN1
random_forest,500,3,ENTREZ_27075,TSPAN13
random_forest,500,3,ENTREZ_143941,TTC36
random_forest,500,3,ENTREZ_22996,TTC39A
random_forest,500,3,ENTREZ_123016,TTC8
random_forest,500,3,ENTREZ_7272,TTK
random_forest,500,3,ENTREZ_9654,TTLL4
random_forest,500,3,ENTREZ_57348,TTYH1
random_forest,500,3,ENTREZ_84790,TUBA1C
random_forest,500,3,ENTREZ_203068,TUBB
random_forest,500,3,ENTREZ_11065,UBE2C
random_forest,500,3,ENTREZ_29089,UBE2T
random_forest,500,3,ENTREZ_127733,UBXN10
random_forest,500,3,ENTREZ_165324,UBXN2A
random_forest,500,3,ENTREZ_7371,UCK2
random_forest,500,3,ENTREZ_7368,UGT8
random_forest,500,3,ENTREZ_79465,ULBP3
random_forest,500,3,ENTREZ_10451,VAV3
random_forest,500,3,ENTREZ_51442,VGLL1
random_forest,500,3,ENTREZ_57728,WDR19
random_forest,500,3,ENTREZ_7466,WFS1
random_forest,500,3,ENTREZ_65266,WNK4
random_forest,500,3,ENTREZ_7475,WNT6
random_forest,500,3,ENTREZ_11059,WWP1
random_forest,500,3,ENTREZ_7494,XBP1
random_forest,500,3,ENTREZ_57510,XPO5
random_forest,500,3,ENTREZ_4904,YBX1
random_forest,500,3,ENTREZ_55689,YEATS2
random_forest,500,3,ENTREZ_100128927,ZBTB42
random_forest,500,3,ENTREZ_124220,ZG16B
random_forest,500,3,ENTREZ_51364,ZMYND10
random_forest,500,3,ENTREZ_79973,ZNF442
random_forest,500,3,ENTREZ_79818,ZNF552
random_forest,500,3,ENTREZ_57116,ZNF695
random_forest,500,3,ENTREZ_80139,ZNF703
random_forest,500,4,ENTREZ_90288,EFCAB12
random_forest,500,4,ENTREZ_144568,A2ML1
random_forest,500,4,ENTREZ_18,ABAT
random_forest,500,4,ENTREZ_85320,ABCC11
random_forest,500,4,ENTREZ_6833,ABCC8
random_forest,500,4,ENTREZ_22885,ABLIM3
random_forest,500,4,ENTREZ_36,ACADSB
random_forest,500,4,ENTREZ_59272,ACE2
random_forest,500,4,ENTREZ_122970,ACOT4
random_forest,500,4,ENTREZ_170689,ADAMTS15
random_forest,500,4,ENTREZ_115,ADCY9
random_forest,500,4,ENTREZ_3899,AFF3
random_forest,500,4,ENTREZ_10551,AGR2
random_forest,500,4,ENTREZ_155465,AGR3
random_forest,500,4,ENTREZ_22977,AKR7A3
random_forest,500,4,ENTREZ_262,AMD1
random_forest,500,4,ENTREZ_276,AMY1A
random_forest,500,4,ENTREZ_57763,ANKRA2
random_forest,500,4,ENTREZ_91074,ANKRD30A
random_forest,500,4,ENTREZ_338699,ANKRD42
random_forest,500,4,ENTREZ_54443,ANLN
random_forest,500,4,ENTREZ_8416,ANXA9
random_forest,500,4,ENTREZ_323,APBB2
random_forest,500,4,ENTREZ_83464,APH1B
random_forest,500,4,ENTREZ_367,AR
random_forest,500,4,ENTREZ_22901,ARSG
random_forest,500,4,ENTREZ_419,ART3
random_forest,500,4,ENTREZ_259266,ASPM
random_forest,500,4,ENTREZ_64225,ATL2
random_forest,500,4,ENTREZ_245973,ATP6V1C2
random_forest,500,4,ENTREZ_540,ATP7B
random_forest,500,4,ENTREZ_5205,ATP8B1
random_forest,500,4,ENTREZ_6790,AURKA
random_forest,500,4,ENTREZ_9212,AURKB
random_forest,500,4,ENTREZ_84002,B3GNT5
random_forest,500,4,ENTREZ_582,BBS1
random_forest,500,4,ENTREZ_585,BBS4
random_forest,500,4,ENTREZ_4059,BCAM
random_forest,500,4,ENTREZ_8537,BCAS1
random_forest,500,4,ENTREZ_53335,BCL11A
random_forest,500,4,ENTREZ_596,BCL2
random_forest,500,4,ENTREZ_332,BIRC5
random_forest,500,4,ENTREZ_641,BLM
random_forest,500,4,ENTREZ_671,BPI
random_forest,500,4,ENTREZ_699,BUB1
random_forest,500,4,ENTREZ_701,BUB1B
random_forest,500,4,ENTREZ_119032,C10orf32
random_forest,500,4,ENTREZ_161394,C14orf174
random_forest,500,4,ENTREZ_80127,C14orf45
random_forest,500,4,ENTREZ_90417,C15orf23
random_forest,500,4,ENTREZ_90381,C15orf42
random_forest,500,4,ENTREZ_79650,C16orf57
random_forest,500,4,ENTREZ_56942,C16orf61
random_forest,500,4,ENTREZ_283987,C17orf28
random_forest,500,4,ENTREZ_352909,C19orf51
random_forest,500,4,ENTREZ_79000,C1orf135
random_forest,500,4,ENTREZ_149563,C1orf64
random_forest,500,4,ENTREZ_165257,C1QL2
random_forest,500,4,ENTREZ_338761,C1QL4
random_forest,500,4,ENTREZ_132720,C4orf32
random_forest,500,4,ENTREZ_201895,C4orf34
random_forest,500,4,ENTREZ_90355,C5orf30
random_forest,500,4,ENTREZ_285600,C5orf36
random_forest,500,4,ENTREZ_29113,C6orf15
random_forest,500,4,ENTREZ_79624,C6orf211
random_forest,500,4,ENTREZ_221718,C6orf218
random_forest,500,4,ENTREZ_80129,C6orf97
random_forest,500,4,ENTREZ_79846,C7orf63
random_forest,500,4,ENTREZ_138162,C9orf116
random_forest,500,4,ENTREZ_401546,C9orf152
random_forest,500,4,ENTREZ_401535,C9orf170
random_forest,500,4,ENTREZ_91283,C9orf30
random_forest,500,4,ENTREZ_158067,C9orf98
random_forest,500,4,ENTREZ_771,CA12
random_forest,500,4,ENTREZ_776,CACNA1D
random_forest,500,4,ENTREZ_9254,CACNA2D2
random_forest,500,4,ENTREZ_79012,CAMKV
random_forest,500,4,ENTREZ_92291,CAPN13
random_forest,500,4,ENTREZ_388743,CAPN8
random_forest,500,4,ENTREZ_55259,CASC1
random_forest,500,4,ENTREZ_388389,CCDC103
random_forest,500,4,ENTREZ_202243,CCDC125
random_forest,500,4,ENTREZ_79825,CCDC48
random_forest,500,4,ENTREZ_257236,CCDC96
random_forest,500,4,ENTREZ_887,CCKBR
random_forest,500,4,ENTREZ_890,CCNA2
random_forest,500,4,ENTREZ_9133,CCNB2
random_forest,500,4,ENTREZ_898,CCNE1
random_forest,500,4,ENTREZ_8872,CDC123
random_forest,500,4,ENTREZ_991,CDC20
random_forest,500,4,ENTREZ_993,CDC25A
random_forest,500,4,ENTREZ_8318,CDC45
random_forest,500,4,ENTREZ_157313,CDCA2
random_forest,500,4,ENTREZ_83461,CDCA3
random_forest,500,4,ENTREZ_113130,CDCA5
random_forest,500,4,ENTREZ_83879,CDCA7
random_forest,500,4,ENTREZ_55143,CDCA8
random_forest,500,4,ENTREZ_983,CDK1
random_forest,500,4,ENTREZ_8099,CDK2AP1
random_forest,500,4,ENTREZ_1033,CDKN3
random_forest,500,4,ENTREZ_9620,CELSR1
random_forest,500,4,ENTREZ_1058,CENPA
random_forest,500,4,ENTREZ_1062,CENPE
random_forest,500,4,ENTREZ_55839,CENPN
random_forest,500,4,ENTREZ_79172,CENPO
random_forest,500,4,ENTREZ_387103,CENPW
random_forest,500,4,ENTREZ_55165,CEP55
random_forest,500,4,ENTREZ_1101,CHAD
random_forest,500,4,ENTREZ_1111,CHEK1
random_forest,500,4,ENTREZ_140578,CHODL
random_forest,500,4,ENTREZ_9435,CHST2
random_forest,500,4,ENTREZ_1153,CIRBP
random_forest,500,4,ENTREZ_1163,CKS1B
random_forest,500,4,ENTREZ_1183,CLCN4
random_forest,500,4,ENTREZ_64084,CLSTN2
random_forest,500,4,ENTREZ_134147,CMBL
random_forest,500,4,ENTREZ_132864,CPEB2
random_forest,500,4,ENTREZ_148327,CREB3L4
random_forest,500,4,ENTREZ_1408,CRY2
random_forest,500,4,ENTREZ_1410,CRYAB
random_forest,500,4,ENTREZ_196993,CT62
random_forest,500,4,ENTREZ_1503,CTPS
random_forest,500,4,ENTREZ_6374,CXCL5
random_forest,500,4,ENTREZ_100132994,CXorf49B
random_forest,500,4,ENTREZ_203413,CXorf61
random_forest,500,4,ENTREZ_51523,CXXC5
random_forest,500,4,ENTREZ_1556,CYP2B7P1
random_forest,500,4,ENTREZ_163720,CYP4Z2P
random_forest,500,4,ENTREZ_1602,DACH1
random_forest,500,4,ENTREZ_10926,DBF4
random_forest,500,4,ENTREZ_23109,DDN
random_forest,500,4,ENTREZ_123099,DEGS2
random_forest,500,4,ENTREZ_7913,DEK
random_forest,500,4,ENTREZ_55635,DEPDC1
random_forest,500,4,ENTREZ_55789,DEPDC1B
random_forest,500,4,ENTREZ_1736,DKC1
random_forest,500,4,ENTREZ_9787,DLGAP5
random_forest,500,4,ENTREZ_1750,DLX6
random_forest,500,4,ENTREZ_1761,DMRT1
random_forest,500,4,ENTREZ_1767,DNAH5
random_forest,500,4,ENTREZ_56171,DNAH7
random_forest,500,4,ENTREZ_56521,DNAJC12
random_forest,500,4,ENTREZ_83544,DNAL1
random_forest,500,4,ENTREZ_7802,DNALI1
random_forest,500,4,ENTREZ_29980,DONSON
random_forest,500,4,ENTREZ_79075,DSCC1
random_forest,500,4,ENTREZ_83657,DYNLRB2
random_forest,500,4,ENTREZ_1870,E2F2
random_forest,500,4,ENTREZ_1871,E2F3
random_forest,500,4,ENTREZ_9718,ECE2
random_forest,500,4,ENTREZ_64800,EFCAB6
random_forest,500,4,ENTREZ_2019,EN1
random_forest,500,4,ENTREZ_2023,ENO1
random_forest,500,4,ENTREZ_5167,ENPP1
random_forest,500,4,ENTREZ_2066,ERBB4
random_forest,500,4,ENTREZ_57222,ERGIC1
random_forest,500,4,ENTREZ_2099,ESR1
random_forest,500,4,ENTREZ_83850,ESYT3
random_forest,500,4,ENTREZ_51466,EVL
random_forest,500,4,ENTREZ_9156,EXO1
random_forest,500,4,ENTREZ_54536,EXOC6
random_forest,500,4,ENTREZ_2146,EZH2
random_forest,500,4,ENTREZ_2155,F7
random_forest,500,4,ENTREZ_139285,FAM123B
random_forest,500,4,ENTREZ_54463,FAM134B
random_forest,500,4,ENTREZ_84908,FAM136A
random_forest,500,4,ENTREZ_221061,FAM171A1
random_forest,500,4,ENTREZ_345757,FAM174A
random_forest,500,4,ENTREZ_400451,FAM174B
random_forest,500,4,ENTREZ_51313,FAM198B
random_forest,500,4,ENTREZ_284467,FAM19A3
random_forest,500,4,ENTREZ_100129583,FAM47E
random_forest,500,4,ENTREZ_113115,FAM54A
random_forest,500,4,ENTREZ_55793,FAM63A
random_forest,500,4,ENTREZ_54478,FAM64A
random_forest,500,4,ENTREZ_653820,FAM72B
random_forest,500,4,ENTREZ_81610,FAM83D
random_forest,500,4,ENTREZ_2175,FANCA
random_forest,500,4,ENTREZ_2178,FANCE
random_forest,500,4,ENTREZ_2203,FBP1
random_forest,500,4,ENTREZ_26234,FBXL5
random_forest,500,4,ENTREZ_55612,FERMT1
random_forest,500,4,ENTREZ_89846,FGD3
random_forest,500,4,ENTREZ_9982,FGFBP1
random_forest,500,4,ENTREZ_168455,FLJ36031
random_forest,500,4,ENTREZ_399717,GATA3-AS1
random_forest,500,4,ENTREZ_3169,FOXA1
random_forest,500,4,ENTREZ_2296,FOXC1
random_forest,500,4,ENTREZ_2305,FOXM1
random_forest,500,4,ENTREZ_6624,FSCN1
random_forest,500,4,ENTREZ_161835,FSIP1
random_forest,500,4,ENTREZ_8326,FZD9
random_forest,500,4,ENTREZ_9568,GABBR2
random_forest,500,4,ENTREZ_2568,GABRP
random_forest,500,4,ENTREZ_2593,GAMT
random_forest,500,4,ENTREZ_2625,GATA3
random_forest,500,4,ENTREZ_8200,GDF5
random_forest,500,4,ENTREZ_2674,GFRA1
random_forest,500,4,ENTREZ_2676,GFRA3
random_forest,500,4,ENTREZ_54826,GIN1
random_forest,500,4,ENTREZ_9837,GINS1
random_forest,500,4,ENTREZ_2707,GJB3
random_forest,500,4,ENTREZ_8833,GMPS
random_forest,500,4,ENTREZ_2813,GP2
random_forest,500,4,ENTREZ_23171,GPD1L
random_forest,500,4,ENTREZ_11321,GPN1
random_forest,500,4,ENTREZ_26996,GPR160
random_forest,500,4,ENTREZ_27202,GPR77
random_forest,500,4,ENTREZ_27198,GPR81
random_forest,500,4,ENTREZ_29899,GPSM2
random_forest,500,4,ENTREZ_9687,GREB1
random_forest,500,4,ENTREZ_2925,GRPR
random_forest,500,4,ENTREZ_83903,GSG2
random_forest,500,4,ENTREZ_23560,GTPBP4
random_forest,500,4,ENTREZ_29083,GTPBP8
random_forest,500,4,ENTREZ_51512,GTSE1
random_forest,500,4,ENTREZ_145864,HAPLN3
random_forest,500,4,ENTREZ_3068,HDGF
random_forest,500,4,ENTREZ_55733,HHAT
random_forest,500,4,ENTREZ_55355,HJURP
random_forest,500,4,ENTREZ_3159,HMGA1
random_forest,500,4,ENTREZ_84072,HORMAD1
random_forest,500,4,ENTREZ_646962,HRCT1
random_forest,500,4,ENTREZ_3475,IFRD1
random_forest,500,4,ENTREZ_9742,IFT140
random_forest,500,4,ENTREZ_10644,IGF2BP2
random_forest,500,4,ENTREZ_10643,IGF2BP3
random_forest,500,4,ENTREZ_3483,IGFALS
random_forest,500,4,ENTREZ_3595,IL12RB2
random_forest,500,4,ENTREZ_3608,ILF2
random_forest,500,4,ENTREZ_27160,INGX
random_forest,500,4,ENTREZ_8821,INPP4B
random_forest,500,4,ENTREZ_27124,INPP5J
random_forest,500,4,ENTREZ_3712,IVD
random_forest,500,4,ENTREZ_56888,KCMF1
random_forest,500,4,ENTREZ_3755,KCNG1
random_forest,500,4,ENTREZ_3767,KCNJ11
random_forest,500,4,ENTREZ_60598,KCNK15
random_forest,500,4,ENTREZ_8645,KCNK5
random_forest,500,4,ENTREZ_3783,KCNN4
random_forest,500,4,ENTREZ_9132,KCNQ4
random_forest,500,4,ENTREZ_3787,KCNS1
random_forest,500,4,ENTREZ_23030,KDM4B
random_forest,500,4,ENTREZ_9933,KIAA0020
random_forest,500,4,ENTREZ_9778,KIAA0232
random_forest,500,4,ENTREZ_57535,KIAA1324
random_forest,500,4,ENTREZ_56204,KIAA1370
random_forest,500,4,ENTREZ_57613,KIAA1467
random_forest,500,4,ENTREZ_81930,KIF18A
random_forest,500,4,ENTREZ_146909,KIF18B
random_forest,500,4,ENTREZ_10112,KIF20A
random_forest,500,4,ENTREZ_9493,KIF23
random_forest,500,4,ENTREZ_11004,KIF2C
random_forest,500,4,ENTREZ_24137,KIF4A
random_forest,500,4,ENTREZ_3833,KIFC1
random_forest,500,4,ENTREZ_122773,KLHDC1
random_forest,500,4,ENTREZ_23588,KLHDC2
random_forest,500,4,ENTREZ_3838,KPNA2
random_forest,500,4,ENTREZ_3868,KRT16
random_forest,500,4,ENTREZ_286887,KRT6C
random_forest,500,4,ENTREZ_3857,KRT9
random_forest,500,4,ENTREZ_91133,L3MBTL4
random_forest,500,4,ENTREZ_9836,LCMT2
random_forest,500,4,ENTREZ_3945,LDHB
random_forest,500,4,ENTREZ_93273,LEMD1
random_forest,500,4,ENTREZ_51474,LIMA1
random_forest,500,4,ENTREZ_8543,LMO4
random_forest,500,4,ENTREZ_4010,LMX1B
random_forest,500,4,ENTREZ_100130148,MAPT-IT1
random_forest,500,4,ENTREZ_145837,DRAIC
random_forest,500,4,ENTREZ_284578,MFSD4A-AS1
random_forest,500,4,ENTREZ_84740,AFAP1-AS1
random_forest,500,4,ENTREZ_84856,LINC00839
random_forest,500,4,ENTREZ_164832,LONRF2
random_forest,500,4,ENTREZ_23175,LPIN1
random_forest,500,4,ENTREZ_57497,LRFN2
random_forest,500,4,ENTREZ_26018,LRIG1
random_forest,500,4,ENTREZ_7804,LRP8
random_forest,500,4,ENTREZ_90506,LRRC46
random_forest,500,4,ENTREZ_83450,LRRC48
random_forest,500,4,ENTREZ_123872,LRRC50
random_forest,500,4,ENTREZ_220074,LRTOMT
random_forest,500,4,ENTREZ_8581,LY6D
random_forest,500,4,ENTREZ_4085,MAD2L1
random_forest,500,4,ENTREZ_4115,MAGEB4
random_forest,500,4,ENTREZ_10916,MAGED2
random_forest,500,4,ENTREZ_7786,MAP3K12
random_forest,500,4,ENTREZ_5596,MAPK4
random_forest,500,4,ENTREZ_4137,MAPT
random_forest,500,4,ENTREZ_64087,MCCC2
random_forest,500,4,ENTREZ_55388,MCM10
random_forest,500,4,ENTREZ_4175,MCM6
random_forest,500,4,ENTREZ_4176,MCM7
random_forest,500,4,ENTREZ_9833,MELK
random_forest,500,4,ENTREZ_51072,MEMO1
random_forest,500,4,ENTREZ_4241,MFI2
random_forest,500,4,ENTREZ_81854,MGC3771
random_forest,500,4,ENTREZ_8190,MIA
random_forest,500,4,ENTREZ_85377,MICALL1
random_forest,500,4,ENTREZ_57496,MKL2
random_forest,500,4,ENTREZ_79083,MLPH
random_forest,500,4,ENTREZ_51678,MPP6
random_forest,500,4,ENTREZ_25902,MTHFD1L
random_forest,500,4,ENTREZ_4602,MYB
random_forest,500,4,ENTREZ_4605,MYBL2
random_forest,500,4,ENTREZ_55930,MYO5C
random_forest,500,4,ENTREZ_25924,MYRIP
random_forest,500,4,ENTREZ_9,NAT1
random_forest,500,4,ENTREZ_9918,NCAPD2
random_forest,500,4,ENTREZ_64151,NCAPG
random_forest,500,4,ENTREZ_23397,NCAPH
random_forest,500,4,ENTREZ_8440,NCK2
random_forest,500,4,ENTREZ_100188953,NCRNA00092
random_forest,500,4,ENTREZ_10403,NDC80
random_forest,500,4,ENTREZ_152110,NEK10
random_forest,500,4,ENTREZ_341676,NEK5
random_forest,500,4,ENTREZ_115677,NOSTRIN
random_forest,500,4,ENTREZ_7101,NR2E1
random_forest,500,4,ENTREZ_83594,NUDT12
random_forest,500,4,ENTREZ_11164,NUDT5
random_forest,500,4,ENTREZ_83540,NUF2
random_forest,500,4,ENTREZ_9688,NUP93
random_forest,500,4,ENTREZ_158046,NXNL2
random_forest,500,4,ENTREZ_4948,OCA2
random_forest,500,4,ENTREZ_55301,OLAH
random_forest,500,4,ENTREZ_4986,OPRK1
random_forest,500,4,ENTREZ_4998,ORC1L
random_forest,500,4,ENTREZ_23594,ORC6L
random_forest,500,4,ENTREZ_54681,P4HTM
random_forest,500,4,ENTREZ_55003,PAK1IP1
random_forest,500,4,ENTREZ_9061,PAPSS1
random_forest,500,4,ENTREZ_84105,PCBD2
random_forest,500,4,ENTREZ_126006,PCP2
random_forest,500,4,ENTREZ_54760,PCSK4
random_forest,500,4,ENTREZ_9141,PDCD5
random_forest,500,4,ENTREZ_10130,PDIA6
random_forest,500,4,ENTREZ_23590,PDSS1
random_forest,500,4,ENTREZ_54858,PGPEP1
random_forest,500,4,ENTREZ_5241,PGR
random_forest,500,4,ENTREZ_5347,PLK1
random_forest,500,4,ENTREZ_5351,PLOD1
random_forest,500,4,ENTREZ_135293,PM20D2
random_forest,500,4,ENTREZ_10721,POLQ
random_forest,500,4,ENTREZ_10940,POP1
random_forest,500,4,ENTREZ_5457,POU4F1
random_forest,500,4,ENTREZ_5460,POU5F1
random_forest,500,4,ENTREZ_81706,PPP1R14C
random_forest,500,4,ENTREZ_59336,PRDM13
random_forest,500,4,ENTREZ_57580,PREX1
random_forest,500,4,ENTREZ_5613,PRKX
random_forest,500,4,ENTREZ_222171,PRR15
random_forest,500,4,ENTREZ_285368,PRRT3
random_forest,500,4,ENTREZ_260429,PRSS33
random_forest,500,4,ENTREZ_29968,PSAT1
random_forest,500,4,ENTREZ_5690,PSMB2
random_forest,500,4,ENTREZ_11122,PTPRT
random_forest,500,4,ENTREZ_9232,PTTG1
random_forest,500,4,ENTREZ_5806,PTX3
random_forest,500,4,ENTREZ_64284,RAB17
random_forest,500,4,ENTREZ_9135,RABEP1
random_forest,500,4,ENTREZ_5888,RAD51
random_forest,500,4,ENTREZ_10635,RAD51AP1
random_forest,500,4,ENTREZ_8438,RAD54L
random_forest,500,4,ENTREZ_154064,RAET1L
random_forest,500,4,ENTREZ_10742,RAI2
random_forest,500,4,ENTREZ_55103,RALGPS2
random_forest,500,4,ENTREZ_5902,RANBP1
random_forest,500,4,ENTREZ_5914,RARA
random_forest,500,4,ENTREZ_255426,RASGEF1C
random_forest,500,4,ENTREZ_84991,RBM17
random_forest,500,4,ENTREZ_54502,RBM47
random_forest,500,4,ENTREZ_65055,REEP1
random_forest,500,4,ENTREZ_7905,REEP5
random_forest,500,4,ENTREZ_92840,REEP6
random_forest,500,4,ENTREZ_85004,RERG
random_forest,500,4,ENTREZ_5984,RFC4
random_forest,500,4,ENTREZ_56963,RGMA
random_forest,500,4,ENTREZ_5995,RGR
random_forest,500,4,ENTREZ_8601,RGS20
random_forest,500,4,ENTREZ_26166,RGS22
random_forest,500,4,ENTREZ_51458,RHCG
random_forest,500,4,ENTREZ_388,RHOB
random_forest,500,4,ENTREZ_83732,RIOK1
random_forest,500,4,ENTREZ_8767,RIPK2
random_forest,500,4,ENTREZ_6017,RLBP1
random_forest,500,4,ENTREZ_246243,RNASEH1
random_forest,500,4,ENTREZ_27289,RND1
random_forest,500,4,ENTREZ_7844,RNF103
random_forest,500,4,ENTREZ_54763,ROPN1
random_forest,500,4,ENTREZ_152015,ROPN1B
random_forest,500,4,ENTREZ_9501,RPH3AL
random_forest,500,4,ENTREZ_22934,RPIA
random_forest,500,4,ENTREZ_6241,RRM2
random_forest,500,4,ENTREZ_146923,RUNDC1
random_forest,500,4,ENTREZ_374897,SBSN
random_forest,500,4,ENTREZ_29970,SCHIP1
random_forest,500,4,ENTREZ_6337,SCNN1A
random_forest,500,4,ENTREZ_57758,SCUBE2
random_forest,500,4,ENTREZ_9919,SEC16A
random_forest,500,4,ENTREZ_51091,SEPSECS
random_forest,500,4,ENTREZ_26135,SERBP1
random_forest,500,4,ENTREZ_256394,SERPINA11
random_forest,500,4,ENTREZ_6422,SFRP1
random_forest,500,4,ENTREZ_135295,SFRS13B
random_forest,500,4,ENTREZ_375035,SFT2D2
random_forest,500,4,ENTREZ_151648,SGOL1
random_forest,500,4,ENTREZ_79801,SHCBP1
random_forest,500,4,ENTREZ_54847,SIDT1
random_forest,500,4,ENTREZ_220134,SKA1
random_forest,500,4,ENTREZ_221150,SKA3
random_forest,500,4,ENTREZ_6500,SKP1
random_forest,500,4,ENTREZ_6564,SLC15A1
random_forest,500,4,ENTREZ_9120,SLC16A6
random_forest,500,4,ENTREZ_6584,SLC22A5
random_forest,500,4,ENTREZ_115019,SLC26A9
random_forest,500,4,ENTREZ_25800,SLC39A6
random_forest,500,4,ENTREZ_29015,SLC43A3
random_forest,500,4,ENTREZ_80736,SLC44A4
random_forest,500,4,ENTREZ_9498,SLC4A8
random_forest,500,4,ENTREZ_6530,SLC6A2
random_forest,500,4,ENTREZ_23428,SLC7A8
random_forest,500,4,ENTREZ_6664,SOX11
random_forest,500,4,ENTREZ_25803,SPDEF
random_forest,500,4,ENTREZ_25876,SPEF1
random_forest,500,4,ENTREZ_79925,SPEF2
random_forest,500,4,ENTREZ_6715,SRD5A1
random_forest,500,4,ENTREZ_6732,SRPK1
random_forest,500,4,ENTREZ_6769,STAC
random_forest,500,4,ENTREZ_10809,STARD10
random_forest,500,4,ENTREZ_6491,STIL
random_forest,500,4,ENTREZ_55351,STK32B
random_forest,500,4,ENTREZ_3925,STMN1
random_forest,500,4,ENTREZ_6821,SUOX
random_forest,500,4,ENTREZ_203328,SUSD3
random_forest,500,4,ENTREZ_79723,SUV39H2
random_forest,500,4,ENTREZ_55638,SYBU
random_forest,500,4,ENTREZ_143425,SYT9
random_forest,500,4,ENTREZ_54843,SYTL2
random_forest,500,4,ENTREZ_94121,SYTL4
random_forest,500,4,ENTREZ_94122,SYTL5
random_forest,500,4,ENTREZ_23158,TBC1D9
random_forest,500,4,ENTREZ_9095,TBX19
random_forest,500,4,ENTREZ_9338,TCEAL1
random_forest,500,4,ENTREZ_6941,TCF19
random_forest,500,4,ENTREZ_79600,TCTN1
random_forest,500,4,ENTREZ_23371,TENC1
random_forest,500,4,ENTREZ_54881,TEX10
random_forest,500,4,ENTREZ_7031,TFF1
random_forest,500,4,ENTREZ_7033,TFF3
random_forest,500,4,ENTREZ_79875,THSD4
random_forest,500,4,ENTREZ_7090,TLE3
random_forest,500,4,ENTREZ_51643,TMBIM4
random_forest,500,4,ENTREZ_7009,TMBIM6
random_forest,500,4,ENTREZ_79838,TMC5
random_forest,500,4,ENTREZ_9911,TMCC2
random_forest,500,4,ENTREZ_55314,TMEM144
random_forest,500,4,ENTREZ_84866,TMEM25
random_forest,500,4,ENTREZ_120224,TMEM45B
random_forest,500,4,ENTREZ_57156,TMEM63C
random_forest,500,4,ENTREZ_285386,TPRG1
random_forest,500,4,ENTREZ_22974,TPX2
random_forest,500,4,ENTREZ_10612,TRIM3
random_forest,500,4,ENTREZ_9319,TRIP13
random_forest,500,4,ENTREZ_1831,TSC22D3
random_forest,500,4,ENTREZ_10103,TSPAN1
random_forest,500,4,ENTREZ_27075,TSPAN13
random_forest,500,4,ENTREZ_143941,TTC36
random_forest,500,4,ENTREZ_22996,TTC39A
random_forest,500,4,ENTREZ_123016,TTC8
random_forest,500,4,ENTREZ_7272,TTK
random_forest,500,4,ENTREZ_9654,TTLL4
random_forest,500,4,ENTREZ_57348,TTYH1
random_forest,500,4,ENTREZ_84790,TUBA1C
random_forest,500,4,ENTREZ_203068,TUBB
random_forest,500,4,ENTREZ_11065,UBE2C
random_forest,500,4,ENTREZ_29089,UBE2T
random_forest,500,4,ENTREZ_127733,UBXN10
random_forest,500,4,ENTREZ_165324,UBXN2A
random_forest,500,4,ENTREZ_7371,UCK2
random_forest,500,4,ENTREZ_7368,UGT8
random_forest,500,4,ENTREZ_7388,UQCRH
random_forest,500,4,ENTREZ_440567,UQCRHL
random_forest,500,4,ENTREZ_10451,VAV3
random_forest,500,4,ENTREZ_51442,VGLL1
random_forest,500,4,ENTREZ_57728,WDR19
random_forest,500,4,ENTREZ_7466,WFS1
random_forest,500,4,ENTREZ_7475,WNT6
random_forest,500,4,ENTREZ_11059,WWP1
random_forest,500,4,ENTREZ_7494,XBP1
random_forest,500,4,ENTREZ_57510,XPO5
random_forest,500,4,ENTREZ_4904,YBX1
random_forest,500,4,ENTREZ_55689,YEATS2
random_forest,500,4,ENTREZ_100128927,ZBTB42
random_forest,500,4,ENTREZ_57659,ZBTB4
random_forest,500,4,ENTREZ_124220,ZG16B
random_forest,500,4,ENTREZ_51364,ZMYND10
random_forest,500,4,ENTREZ_252884,ZNF396
random_forest,500,4,ENTREZ_79818,ZNF552
random_forest,500,4,ENTREZ_57116,ZNF695
random_forest,500,4,ENTREZ_80139,ZNF703
random_forest,500,5,ENTREZ_90288,EFCAB12
random_forest,500,5,ENTREZ_144568,A2ML1
random_forest,500,5,ENTREZ_18,ABAT
random_forest,500,5,ENTREZ_154664,ABCA13
random_forest,500,5,ENTREZ_85320,ABCC11
random_forest,500,5,ENTREZ_6833,ABCC8
random_forest,500,5,ENTREZ_22885,ABLIM3
random_forest,500,5,ENTREZ_36,ACADSB
random_forest,500,5,ENTREZ_59272,ACE2
random_forest,500,5,ENTREZ_122970,ACOT4
random_forest,500,5,ENTREZ_170689,ADAMTS15
random_forest,500,5,ENTREZ_115,ADCY9
random_forest,500,5,ENTREZ_3899,AFF3
random_forest,500,5,ENTREZ_10551,AGR2
random_forest,500,5,ENTREZ_155465,AGR3
random_forest,500,5,ENTREZ_22977,AKR7A3
random_forest,500,5,ENTREZ_276,AMY1A
random_forest,500,5,ENTREZ_57763,ANKRA2
random_forest,500,5,ENTREZ_91074,ANKRD30A
random_forest,500,5,ENTREZ_338699,ANKRD42
random_forest,500,5,ENTREZ_54443,ANLN
random_forest,500,5,ENTREZ_8416,ANXA9
random_forest,500,5,ENTREZ_323,APBB2
random_forest,500,5,ENTREZ_83464,APH1B
random_forest,500,5,ENTREZ_367,AR
random_forest,500,5,ENTREZ_22901,ARSG
random_forest,500,5,ENTREZ_419,ART3
random_forest,500,5,ENTREZ_259266,ASPM
random_forest,500,5,ENTREZ_64225,ATL2
random_forest,500,5,ENTREZ_245973,ATP6V1C2
random_forest,500,5,ENTREZ_540,ATP7B
random_forest,500,5,ENTREZ_5205,ATP8B1
random_forest,500,5,ENTREZ_6790,AURKA
random_forest,500,5,ENTREZ_9212,AURKB
random_forest,500,5,ENTREZ_84002,B3GNT5
random_forest,500,5,ENTREZ_582,BBS1
random_forest,500,5,ENTREZ_585,BBS4
random_forest,500,5,ENTREZ_4059,BCAM
random_forest,500,5,ENTREZ_8537,BCAS1
random_forest,500,5,ENTREZ_53335,BCL11A
random_forest,500,5,ENTREZ_596,BCL2
random_forest,500,5,ENTREZ_332,BIRC5
random_forest,500,5,ENTREZ_641,BLM
random_forest,500,5,ENTREZ_671,BPI
random_forest,500,5,ENTREZ_10950,BTG3
random_forest,500,5,ENTREZ_699,BUB1
random_forest,500,5,ENTREZ_701,BUB1B
random_forest,500,5,ENTREZ_705,BYSL
random_forest,500,5,ENTREZ_54838,C10orf26
random_forest,500,5,ENTREZ_119032,C10orf32
random_forest,500,5,ENTREZ_254439,C11orf86
random_forest,500,5,ENTREZ_254013,C12orf72
random_forest,500,5,ENTREZ_161394,C14orf174
random_forest,500,5,ENTREZ_80127,C14orf45
random_forest,500,5,ENTREZ_90417,C15orf23
random_forest,500,5,ENTREZ_90381,C15orf42
random_forest,500,5,ENTREZ_56942,C16orf61
random_forest,500,5,ENTREZ_283987,C17orf28
random_forest,500,5,ENTREZ_79000,C1orf135
random_forest,500,5,ENTREZ_149563,C1orf64
random_forest,500,5,ENTREZ_165257,C1QL2
random_forest,500,5,ENTREZ_338761,C1QL4
random_forest,500,5,ENTREZ_720,C4A
random_forest,500,5,ENTREZ_132720,C4orf32
random_forest,500,5,ENTREZ_201895,C4orf34
random_forest,500,5,ENTREZ_90355,C5orf30
random_forest,500,5,ENTREZ_285600,C5orf36
random_forest,500,5,ENTREZ_79624,C6orf211
random_forest,500,5,ENTREZ_221718,C6orf218
random_forest,500,5,ENTREZ_80129,C6orf97
random_forest,500,5,ENTREZ_79846,C7orf63
random_forest,500,5,ENTREZ_138162,C9orf116
random_forest,500,5,ENTREZ_401546,C9orf152
random_forest,500,5,ENTREZ_401535,C9orf170
random_forest,500,5,ENTREZ_91283,C9orf30
random_forest,500,5,ENTREZ_55071,C9orf40
random_forest,500,5,ENTREZ_158067,C9orf98
random_forest,500,5,ENTREZ_771,CA12
random_forest,500,5,ENTREZ_776,CACNA1D
random_forest,500,5,ENTREZ_9254,CACNA2D2
random_forest,500,5,ENTREZ_79012,CAMKV
random_forest,500,5,ENTREZ_92291,CAPN13
random_forest,500,5,ENTREZ_388743,CAPN8
random_forest,500,5,ENTREZ_55259,CASC1
random_forest,500,5,ENTREZ_84733,CBX2
random_forest,500,5,ENTREZ_388389,CCDC103
random_forest,500,5,ENTREZ_202243,CCDC125
random_forest,500,5,ENTREZ_79825,CCDC48
random_forest,500,5,ENTREZ_257236,CCDC96
random_forest,500,5,ENTREZ_887,CCKBR
random_forest,500,5,ENTREZ_890,CCNA2
random_forest,500,5,ENTREZ_891,CCNB1
random_forest,500,5,ENTREZ_9133,CCNB2
random_forest,500,5,ENTREZ_898,CCNE1
random_forest,500,5,ENTREZ_8872,CDC123
random_forest,500,5,ENTREZ_991,CDC20
random_forest,500,5,ENTREZ_993,CDC25A
random_forest,500,5,ENTREZ_8318,CDC45
random_forest,500,5,ENTREZ_157313,CDCA2
random_forest,500,5,ENTREZ_83461,CDCA3
random_forest,500,5,ENTREZ_113130,CDCA5
random_forest,500,5,ENTREZ_83879,CDCA7
random_forest,500,5,ENTREZ_55143,CDCA8
random_forest,500,5,ENTREZ_983,CDK1
random_forest,500,5,ENTREZ_8099,CDK2AP1
random_forest,500,5,ENTREZ_1033,CDKN3
random_forest,500,5,ENTREZ_9620,CELSR1
random_forest,500,5,ENTREZ_1058,CENPA
random_forest,500,5,ENTREZ_1062,CENPE
random_forest,500,5,ENTREZ_55839,CENPN
random_forest,500,5,ENTREZ_79172,CENPO
random_forest,500,5,ENTREZ_387103,CENPW
random_forest,500,5,ENTREZ_55165,CEP55
random_forest,500,5,ENTREZ_1101,CHAD
random_forest,500,5,ENTREZ_1111,CHEK1
random_forest,500,5,ENTREZ_11200,CHEK2
random_forest,500,5,ENTREZ_140578,CHODL
random_forest,500,5,ENTREZ_9435,CHST2
random_forest,500,5,ENTREZ_1153,CIRBP
random_forest,500,5,ENTREZ_1163,CKS1B
random_forest,500,5,ENTREZ_1183,CLCN4
random_forest,500,5,ENTREZ_64084,CLSTN2
random_forest,500,5,ENTREZ_134147,CMBL
random_forest,500,5,ENTREZ_132864,CPEB2
random_forest,500,5,ENTREZ_148327,CREB3L4
random_forest,500,5,ENTREZ_1408,CRY2
random_forest,500,5,ENTREZ_1410,CRYAB
random_forest,500,5,ENTREZ_196993,CT62
random_forest,500,5,ENTREZ_1503,CTPS
random_forest,500,5,ENTREZ_6374,CXCL5
random_forest,500,5,ENTREZ_100132994,CXorf49B
random_forest,500,5,ENTREZ_203413,CXorf61
random_forest,500,5,ENTREZ_51523,CXXC5
random_forest,500,5,ENTREZ_1556,CYP2B7P1
random_forest,500,5,ENTREZ_163720,CYP4Z2P
random_forest,500,5,ENTREZ_1602,DACH1
random_forest,500,5,ENTREZ_10926,DBF4
random_forest,500,5,ENTREZ_23109,DDN
random_forest,500,5,ENTREZ_123099,DEGS2
random_forest,500,5,ENTREZ_55635,DEPDC1
random_forest,500,5,ENTREZ_55789,DEPDC1B
random_forest,500,5,ENTREZ_1736,DKC1
random_forest,500,5,ENTREZ_9787,DLGAP5
random_forest,500,5,ENTREZ_1750,DLX6
random_forest,500,5,ENTREZ_1761,DMRT1
random_forest,500,5,ENTREZ_1767,DNAH5
random_forest,500,5,ENTREZ_56171,DNAH7
random_forest,500,5,ENTREZ_56521,DNAJC12
random_forest,500,5,ENTREZ_83544,DNAL1
random_forest,500,5,ENTREZ_7802,DNALI1
random_forest,500,5,ENTREZ_29980,DONSON
random_forest,500,5,ENTREZ_79075,DSCC1
random_forest,500,5,ENTREZ_83657,DYNLRB2
random_forest,500,5,ENTREZ_1870,E2F2
random_forest,500,5,ENTREZ_1871,E2F3
random_forest,500,5,ENTREZ_9718,ECE2
random_forest,500,5,ENTREZ_64800,EFCAB6
random_forest,500,5,ENTREZ_2019,EN1
random_forest,500,5,ENTREZ_2023,ENO1
random_forest,500,5,ENTREZ_5167,ENPP1
random_forest,500,5,ENTREZ_2066,ERBB4
random_forest,500,5,ENTREZ_57222,ERGIC1
random_forest,500,5,ENTREZ_2099,ESR1
random_forest,500,5,ENTREZ_83850,ESYT3
random_forest,500,5,ENTREZ_9156,EXO1
random_forest,500,5,ENTREZ_54536,EXOC6
random_forest,500,5,ENTREZ_2146,EZH2
random_forest,500,5,ENTREZ_2155,F7
random_forest,500,5,ENTREZ_2173,FABP7
random_forest,500,5,ENTREZ_10827,FAM114A2
random_forest,500,5,ENTREZ_139285,FAM123B
random_forest,500,5,ENTREZ_84908,FAM136A
random_forest,500,5,ENTREZ_221061,FAM171A1
random_forest,500,5,ENTREZ_345757,FAM174A
random_forest,500,5,ENTREZ_400451,FAM174B
random_forest,500,5,ENTREZ_51313,FAM198B
random_forest,500,5,ENTREZ_284467,FAM19A3
random_forest,500,5,ENTREZ_100129583,FAM47E
random_forest,500,5,ENTREZ_113115,FAM54A
random_forest,500,5,ENTREZ_55793,FAM63A
random_forest,500,5,ENTREZ_54478,FAM64A
random_forest,500,5,ENTREZ_653820,FAM72B
random_forest,500,5,ENTREZ_81610,FAM83D
random_forest,500,5,ENTREZ_2175,FANCA
random_forest,500,5,ENTREZ_2203,FBP1
random_forest,500,5,ENTREZ_26234,FBXL5
random_forest,500,5,ENTREZ_130888,FBXO36
random_forest,500,5,ENTREZ_55612,FERMT1
random_forest,500,5,ENTREZ_89846,FGD3
random_forest,500,5,ENTREZ_399717,GATA3-AS1
random_forest,500,5,ENTREZ_3169,FOXA1
random_forest,500,5,ENTREZ_2296,FOXC1
random_forest,500,5,ENTREZ_2305,FOXM1
random_forest,500,5,ENTREZ_6624,FSCN1
random_forest,500,5,ENTREZ_161835,FSIP1
random_forest,500,5,ENTREZ_8326,FZD9
random_forest,500,5,ENTREZ_9568,GABBR2
random_forest,500,5,ENTREZ_2568,GABRP
random_forest,500,5,ENTREZ_55568,GALNT10
random_forest,500,5,ENTREZ_2593,GAMT
random_forest,500,5,ENTREZ_2625,GATA3
random_forest,500,5,ENTREZ_8200,GDF5
random_forest,500,5,ENTREZ_2674,GFRA1
random_forest,500,5,ENTREZ_2676,GFRA3
random_forest,500,5,ENTREZ_54826,GIN1
random_forest,500,5,ENTREZ_9837,GINS1
random_forest,500,5,ENTREZ_2707,GJB3
random_forest,500,5,ENTREZ_8833,GMPS
random_forest,500,5,ENTREZ_2813,GP2
random_forest,500,5,ENTREZ_23171,GPD1L
random_forest,500,5,ENTREZ_26996,GPR160
random_forest,500,5,ENTREZ_27202,GPR77
random_forest,500,5,ENTREZ_27198,GPR81
random_forest,500,5,ENTREZ_9687,GREB1
random_forest,500,5,ENTREZ_2925,GRPR
random_forest,500,5,ENTREZ_83903,GSG2
random_forest,500,5,ENTREZ_23560,GTPBP4
random_forest,500,5,ENTREZ_51512,GTSE1
random_forest,500,5,ENTREZ_145864,HAPLN3
random_forest,500,5,ENTREZ_55733,HHAT
random_forest,500,5,ENTREZ_55355,HJURP
random_forest,500,5,ENTREZ_3159,HMGA1
random_forest,500,5,ENTREZ_84072,HORMAD1
random_forest,500,5,ENTREZ_3475,IFRD1
random_forest,500,5,ENTREZ_10643,IGF2BP3
random_forest,500,5,ENTREZ_3483,IGFALS
random_forest,500,5,ENTREZ_3595,IL12RB2
random_forest,500,5,ENTREZ_3608,ILF2
random_forest,500,5,ENTREZ_27160,INGX
random_forest,500,5,ENTREZ_8821,INPP4B
random_forest,500,5,ENTREZ_27124,INPP5J
random_forest,500,5,ENTREZ_3712,IVD
random_forest,500,5,ENTREZ_56888,KCMF1
random_forest,500,5,ENTREZ_3755,KCNG1
random_forest,500,5,ENTREZ_3767,KCNJ11
random_forest,500,5,ENTREZ_60598,KCNK15
random_forest,500,5,ENTREZ_8645,KCNK5
random_forest,500,5,ENTREZ_3783,KCNN4
random_forest,500,5,ENTREZ_9132,KCNQ4
random_forest,500,5,ENTREZ_23030,KDM4B
random_forest,500,5,ENTREZ_9933,KIAA0020
random_forest,500,5,ENTREZ_9674,KIAA0040
random_forest,500,5,ENTREZ_9812,KIAA0141
random_forest,500,5,ENTREZ_9778,KIAA0232
random_forest,500,5,ENTREZ_57535,KIAA1324
random_forest,500,5,ENTREZ_56204,KIAA1370
random_forest,500,5,ENTREZ_9928,KIF14
random_forest,500,5,ENTREZ_81930,KIF18A
random_forest,500,5,ENTREZ_146909,KIF18B
random_forest,500,5,ENTREZ_10112,KIF20A
random_forest,500,5,ENTREZ_9493,KIF23
random_forest,500,5,ENTREZ_11004,KIF2C
random_forest,500,5,ENTREZ_24137,KIF4A
random_forest,500,5,ENTREZ_3833,KIFC1
random_forest,500,5,ENTREZ_5653,KLK6
random_forest,500,5,ENTREZ_3838,KPNA2
random_forest,500,5,ENTREZ_3868,KRT16
random_forest,500,5,ENTREZ_3875,KRT18
random_forest,500,5,ENTREZ_3857,KRT9
random_forest,500,5,ENTREZ_91133,L3MBTL4
random_forest,500,5,ENTREZ_3945,LDHB
random_forest,500,5,ENTREZ_93273,LEMD1
random_forest,500,5,ENTREZ_51474,LIMA1
random_forest,500,5,ENTREZ_4010,LMX1B
random_forest,500,5,ENTREZ_100130148,MAPT-IT1
random_forest,500,5,ENTREZ_145837,DRAIC
random_forest,500,5,ENTREZ_284578,MFSD4A-AS1
random_forest,500,5,ENTREZ_285629,LINC02159
random_forest,500,5,ENTREZ_84740,AFAP1-AS1
random_forest,500,5,ENTREZ_84856,LINC00839
random_forest,500,5,ENTREZ_164832,LONRF2
random_forest,500,5,ENTREZ_23175,LPIN1
random_forest,500,5,ENTREZ_26018,LRIG1
random_forest,500,5,ENTREZ_7804,LRP8
random_forest,500,5,ENTREZ_90506,LRRC46
random_forest,500,5,ENTREZ_83450,LRRC48
random_forest,500,5,ENTREZ_220074,LRTOMT
random_forest,500,5,ENTREZ_4085,MAD2L1
random_forest,500,5,ENTREZ_4115,MAGEB4
random_forest,500,5,ENTREZ_10916,MAGED2
random_forest,500,5,ENTREZ_4116,MAGOH
random_forest,500,5,ENTREZ_23324,MAN2B2
random_forest,500,5,ENTREZ_7786,MAP3K12
random_forest,500,5,ENTREZ_4137,MAPT
random_forest,500,5,ENTREZ_8785,MATN4
random_forest,500,5,ENTREZ_64087,MCCC2
random_forest,500,5,ENTREZ_55388,MCM10
random_forest,500,5,ENTREZ_4171,MCM2
random_forest,500,5,ENTREZ_4175,MCM6
random_forest,500,5,ENTREZ_4176,MCM7
random_forest,500,5,ENTREZ_9833,MELK
random_forest,500,5,ENTREZ_51072,MEMO1
random_forest,500,5,ENTREZ_4241,MFI2
random_forest,500,5,ENTREZ_81854,MGC3771
random_forest,500,5,ENTREZ_8190,MIA
random_forest,500,5,ENTREZ_85377,MICALL1
random_forest,500,5,ENTREZ_57496,MKL2
random_forest,500,5,ENTREZ_79083,MLPH
random_forest,500,5,ENTREZ_25902,MTHFD1L
random_forest,500,5,ENTREZ_4602,MYB
random_forest,500,5,ENTREZ_4605,MYBL2
random_forest,500,5,ENTREZ_55930,MYO5C
random_forest,500,5,ENTREZ_25924,MYRIP
random_forest,500,5,ENTREZ_9,NAT1
random_forest,500,5,ENTREZ_9918,NCAPD2
random_forest,500,5,ENTREZ_64151,NCAPG
random_forest,500,5,ENTREZ_23397,NCAPH
random_forest,500,5,ENTREZ_8440,NCK2
random_forest,500,5,ENTREZ_100188953,NCRNA00092
random_forest,500,5,ENTREZ_378825,NCRNA00162
random_forest,500,5,ENTREZ_10403,NDC80
random_forest,500,5,ENTREZ_55247,NEIL3
random_forest,500,5,ENTREZ_152110,NEK10
random_forest,500,5,ENTREZ_341676,NEK5
random_forest,500,5,ENTREZ_91754,NEK9
random_forest,500,5,ENTREZ_115677,NOSTRIN
random_forest,500,5,ENTREZ_7101,NR2E1
random_forest,500,5,ENTREZ_64943,NT5DC2
random_forest,500,5,ENTREZ_83594,NUDT12
random_forest,500,5,ENTREZ_11164,NUDT5
random_forest,500,5,ENTREZ_83540,NUF2
random_forest,500,5,ENTREZ_9688,NUP93
random_forest,500,5,ENTREZ_158046,NXNL2
random_forest,500,5,ENTREZ_4948,OCA2
random_forest,500,5,ENTREZ_11339,OIP5
random_forest,500,5,ENTREZ_55301,OLAH
random_forest,500,5,ENTREZ_4986,OPRK1
random_forest,500,5,ENTREZ_4998,ORC1L
random_forest,500,5,ENTREZ_23594,ORC6L
random_forest,500,5,ENTREZ_54681,P4HTM
random_forest,500,5,ENTREZ_11240,PADI2
random_forest,500,5,ENTREZ_55003,PAK1IP1
random_forest,500,5,ENTREZ_9061,PAPSS1
random_forest,500,5,ENTREZ_84105,PCBD2
random_forest,500,5,ENTREZ_126006,PCP2
random_forest,500,5,ENTREZ_54760,PCSK4
random_forest,500,5,ENTREZ_10130,PDIA6
random_forest,500,5,ENTREZ_23590,PDSS1
random_forest,500,5,ENTREZ_54858,PGPEP1
random_forest,500,5,ENTREZ_5241,PGR
random_forest,500,5,ENTREZ_23338,PHF15
random_forest,500,5,ENTREZ_26227,PHGDH
random_forest,500,5,ENTREZ_80119,PIF1
random_forest,500,5,ENTREZ_5347,PLK1
random_forest,500,5,ENTREZ_5351,PLOD1
random_forest,500,5,ENTREZ_135293,PM20D2
random_forest,500,5,ENTREZ_10721,POLQ
random_forest,500,5,ENTREZ_10940,POP1
random_forest,500,5,ENTREZ_5457,POU4F1
random_forest,500,5,ENTREZ_5460,POU5F1
random_forest,500,5,ENTREZ_81706,PPP1R14C
random_forest,500,5,ENTREZ_9055,PRC1
random_forest,500,5,ENTREZ_57580,PREX1
random_forest,500,5,ENTREZ_5613,PRKX
random_forest,500,5,ENTREZ_222171,PRR15
random_forest,500,5,ENTREZ_285368,PRRT3
random_forest,500,5,ENTREZ_260429,PRSS33
random_forest,500,5,ENTREZ_29968,PSAT1
random_forest,500,5,ENTREZ_5690,PSMB2
random_forest,500,5,ENTREZ_11122,PTPRT
random_forest,500,5,ENTREZ_9232,PTTG1
random_forest,500,5,ENTREZ_5806,PTX3
random_forest,500,5,ENTREZ_64284,RAB17
random_forest,500,5,ENTREZ_9135,RABEP1
random_forest,500,5,ENTREZ_5888,RAD51
random_forest,500,5,ENTREZ_10635,RAD51AP1
random_forest,500,5,ENTREZ_8438,RAD54L
random_forest,500,5,ENTREZ_154064,RAET1L
random_forest,500,5,ENTREZ_10742,RAI2
random_forest,500,5,ENTREZ_55103,RALGPS2
random_forest,500,5,ENTREZ_5902,RANBP1
random_forest,500,5,ENTREZ_5914,RARA
random_forest,500,5,ENTREZ_255426,RASGEF1C
random_forest,500,5,ENTREZ_84991,RBM17
random_forest,500,5,ENTREZ_54502,RBM47
random_forest,500,5,ENTREZ_7905,REEP5
random_forest,500,5,ENTREZ_92840,REEP6
random_forest,500,5,ENTREZ_85004,RERG
random_forest,500,5,ENTREZ_5984,RFC4
random_forest,500,5,ENTREZ_56963,RGMA
random_forest,500,5,ENTREZ_5995,RGR
random_forest,500,5,ENTREZ_8601,RGS20
random_forest,500,5,ENTREZ_26166,RGS22
random_forest,500,5,ENTREZ_51458,RHCG
random_forest,500,5,ENTREZ_388,RHOB
random_forest,500,5,ENTREZ_83732,RIOK1
random_forest,500,5,ENTREZ_8767,RIPK2
random_forest,500,5,ENTREZ_246243,RNASEH1
random_forest,500,5,ENTREZ_27289,RND1
random_forest,500,5,ENTREZ_7844,RNF103
random_forest,500,5,ENTREZ_54763,ROPN1
random_forest,500,5,ENTREZ_152015,ROPN1B
random_forest,500,5,ENTREZ_22934,RPIA
random_forest,500,5,ENTREZ_6241,RRM2
random_forest,500,5,ENTREZ_89765,RSPH1
random_forest,500,5,ENTREZ_146923,RUNDC1
random_forest,500,5,ENTREZ_29970,SCHIP1
random_forest,500,5,ENTREZ_6337,SCNN1A
random_forest,500,5,ENTREZ_11341,SCRG1
random_forest,500,5,ENTREZ_57758,SCUBE2
random_forest,500,5,ENTREZ_51091,SEPSECS
random_forest,500,5,ENTREZ_26135,SERBP1
random_forest,500,5,ENTREZ_256394,SERPINA11
random_forest,500,5,ENTREZ_6422,SFRP1
random_forest,500,5,ENTREZ_135295,SFRS13B
random_forest,500,5,ENTREZ_375035,SFT2D2
random_forest,500,5,ENTREZ_151648,SGOL1
random_forest,500,5,ENTREZ_79801,SHCBP1
random_forest,500,5,ENTREZ_54847,SIDT1
random_forest,500,5,ENTREZ_220134,SKA1
random_forest,500,5,ENTREZ_221150,SKA3
random_forest,500,5,ENTREZ_6500,SKP1
random_forest,500,5,ENTREZ_6564,SLC15A1
random_forest,500,5,ENTREZ_9120,SLC16A6
random_forest,500,5,ENTREZ_6584,SLC22A5
random_forest,500,5,ENTREZ_115019,SLC26A9
random_forest,500,5,ENTREZ_25800,SLC39A6
random_forest,500,5,ENTREZ_80736,SLC44A4
random_forest,500,5,ENTREZ_9498,SLC4A8
random_forest,500,5,ENTREZ_6530,SLC6A2
random_forest,500,5,ENTREZ_8140,SLC7A5
random_forest,500,5,ENTREZ_23428,SLC7A8
random_forest,500,5,ENTREZ_6664,SOX11
random_forest,500,5,ENTREZ_25803,SPDEF
random_forest,500,5,ENTREZ_25876,SPEF1
random_forest,500,5,ENTREZ_79925,SPEF2
random_forest,500,5,ENTREZ_6732,SRPK1
random_forest,500,5,ENTREZ_6769,STAC
random_forest,500,5,ENTREZ_6491,STIL
random_forest,500,5,ENTREZ_3925,STMN1
random_forest,500,5,ENTREZ_6821,SUOX
random_forest,500,5,ENTREZ_203328,SUSD3
random_forest,500,5,ENTREZ_79723,SUV39H2
random_forest,500,5,ENTREZ_55638,SYBU
random_forest,500,5,ENTREZ_143425,SYT9
random_forest,500,5,ENTREZ_54843,SYTL2
random_forest,500,5,ENTREZ_94121,SYTL4
random_forest,500,5,ENTREZ_94122,SYTL5
random_forest,500,5,ENTREZ_93624,TADA2B
random_forest,500,5,ENTREZ_23158,TBC1D9
random_forest,500,5,ENTREZ_9095,TBX19
random_forest,500,5,ENTREZ_9338,TCEAL1
random_forest,500,5,ENTREZ_6941,TCF19
random_forest,500,5,ENTREZ_23371,TENC1
random_forest,500,5,ENTREZ_54881,TEX10
random_forest,500,5,ENTREZ_7031,TFF1
random_forest,500,5,ENTREZ_7033,TFF3
random_forest,500,5,ENTREZ_79875,THSD4
random_forest,500,5,ENTREZ_166815,TIGD2
random_forest,500,5,ENTREZ_7090,TLE3
random_forest,500,5,ENTREZ_30012,TLX3
random_forest,500,5,ENTREZ_51643,TMBIM4
random_forest,500,5,ENTREZ_7009,TMBIM6
random_forest,500,5,ENTREZ_79838,TMC5
random_forest,500,5,ENTREZ_9911,TMCC2
random_forest,500,5,ENTREZ_55314,TMEM144
random_forest,500,5,ENTREZ_84866,TMEM25
random_forest,500,5,ENTREZ_55116,TMEM39B
random_forest,500,5,ENTREZ_57156,TMEM63C
random_forest,500,5,ENTREZ_94241,TP53INP1
random_forest,500,5,ENTREZ_285386,TPRG1
random_forest,500,5,ENTREZ_22974,TPX2
random_forest,500,5,ENTREZ_10612,TRIM3
random_forest,500,5,ENTREZ_9319,TRIP13
random_forest,500,5,ENTREZ_10024,TROAP
random_forest,500,5,ENTREZ_10103,TSPAN1
random_forest,500,5,ENTREZ_27075,TSPAN13
random_forest,500,5,ENTREZ_143941,TTC36
random_forest,500,5,ENTREZ_22996,TTC39A
random_forest,500,5,ENTREZ_123016,TTC8
random_forest,500,5,ENTREZ_7272,TTK
random_forest,500,5,ENTREZ_9654,TTLL4
random_forest,500,5,ENTREZ_57348,TTYH1
random_forest,500,5,ENTREZ_84790,TUBA1C
random_forest,500,5,ENTREZ_203068,TUBB
random_forest,500,5,ENTREZ_11065,UBE2C
random_forest,500,5,ENTREZ_29089,UBE2T
random_forest,500,5,ENTREZ_127733,UBXN10
random_forest,500,5,ENTREZ_165324,UBXN2A
random_forest,500,5,ENTREZ_7371,UCK2
random_forest,500,5,ENTREZ_7368,UGT8
random_forest,500,5,ENTREZ_79465,ULBP3
random_forest,500,5,ENTREZ_7388,UQCRH
random_forest,500,5,ENTREZ_440567,UQCRHL
random_forest,500,5,ENTREZ_51118,UTP11L
random_forest,500,5,ENTREZ_10451,VAV3
random_forest,500,5,ENTREZ_51442,VGLL1
random_forest,500,5,ENTREZ_57728,WDR19
random_forest,500,5,ENTREZ_7466,WFS1
random_forest,500,5,ENTREZ_7475,WNT6
random_forest,500,5,ENTREZ_11059,WWP1
random_forest,500,5,ENTREZ_7494,XBP1
random_forest,500,5,ENTREZ_57510,XPO5
random_forest,500,5,ENTREZ_4904,YBX1
random_forest,500,5,ENTREZ_55689,YEATS2
random_forest,500,5,ENTREZ_124220,ZG16B
random_forest,500,5,ENTREZ_51364,ZMYND10
random_forest,500,5,ENTREZ_79818,ZNF552
random_forest,500,5,ENTREZ_57116,ZNF695
random_forest,500,5,ENTREZ_80139,ZNF703
